-- TelcoSuite V006 TMF core refinement for Usage, Charging, And Revenue Settlement
-- Target database: ts_bss_commercial
-- App schema: usage_revenue_settlement
-- Generated from: planning/suite-details/tmf-api-ddl-reviews/usage-revenue-settlement.md
-- Reviewed: 2026-06-14

CREATE EXTENSION IF NOT EXISTS pgcrypto;

BEGIN;

COMMENT ON SCHEMA usage_revenue_settlement IS 'App-owned schema for Usage, Charging, And Revenue Settlement; V002 TMF baseline review complete on 2026-06-14.';

-- Promote common TMF resource fields on usage_revenue_settlement.usage_ingestion_batch.
ALTER TABLE usage_revenue_settlement.usage_ingestion_batch
    ADD COLUMN IF NOT EXISTS tmf_id text,
    ADD COLUMN IF NOT EXISTS tmf_href text,
    ADD COLUMN IF NOT EXISTS tmf_type text,
    ADD COLUMN IF NOT EXISTS tmf_base_type text,
    ADD COLUMN IF NOT EXISTS tmf_schema_location text,
    ADD COLUMN IF NOT EXISTS tmf_referred_type text,
    ADD COLUMN IF NOT EXISTS tmf_name text,
    ADD COLUMN IF NOT EXISTS tmf_description text,
    ADD COLUMN IF NOT EXISTS tmf_category text,
    ADD COLUMN IF NOT EXISTS tmf_lifecycle_status text,
    ADD COLUMN IF NOT EXISTS tmf_state text,
    ADD COLUMN IF NOT EXISTS tmf_status_reason text,
    ADD COLUMN IF NOT EXISTS tmf_priority text,
    ADD COLUMN IF NOT EXISTS tmf_last_update timestamptz,
    ADD COLUMN IF NOT EXISTS tmf_start_date timestamptz,
    ADD COLUMN IF NOT EXISTS tmf_end_date timestamptz,
    ADD COLUMN IF NOT EXISTS tmf_requested_start_date timestamptz,
    ADD COLUMN IF NOT EXISTS tmf_requested_completion_date timestamptz,
    ADD COLUMN IF NOT EXISTS tmf_expected_completion_date timestamptz,
    ADD COLUMN IF NOT EXISTS tmf_completion_date timestamptz,
    ADD COLUMN IF NOT EXISTS tmf_external_id text;
CREATE INDEX IF NOT EXISTS ix_usage_ingestion_batch_tmf_id ON usage_revenue_settlement.usage_ingestion_batch (tmf_id) WHERE tmf_id IS NOT NULL;
CREATE INDEX IF NOT EXISTS ix_usage_ingestion_batch_tmf_href ON usage_revenue_settlement.usage_ingestion_batch (tmf_href) WHERE tmf_href IS NOT NULL;
CREATE INDEX IF NOT EXISTS ix_usage_ingestion_batch_tmf_state ON usage_revenue_settlement.usage_ingestion_batch (tenant_id, tmf_state) WHERE tmf_state IS NOT NULL;
COMMENT ON COLUMN usage_revenue_settlement.usage_ingestion_batch.tmf_payload IS 'Full validated TMF resource payload retained for fields not promoted to typed columns.';
COMMENT ON COLUMN usage_revenue_settlement.usage_ingestion_batch.tmf_id IS 'TMF resource id from the selected local TMF API baseline when different from canonical_id.';

-- Promote common TMF resource fields on usage_revenue_settlement.mediation_exception.
ALTER TABLE usage_revenue_settlement.mediation_exception
    ADD COLUMN IF NOT EXISTS tmf_id text,
    ADD COLUMN IF NOT EXISTS tmf_href text,
    ADD COLUMN IF NOT EXISTS tmf_type text,
    ADD COLUMN IF NOT EXISTS tmf_base_type text,
    ADD COLUMN IF NOT EXISTS tmf_schema_location text,
    ADD COLUMN IF NOT EXISTS tmf_referred_type text,
    ADD COLUMN IF NOT EXISTS tmf_name text,
    ADD COLUMN IF NOT EXISTS tmf_description text,
    ADD COLUMN IF NOT EXISTS tmf_category text,
    ADD COLUMN IF NOT EXISTS tmf_lifecycle_status text,
    ADD COLUMN IF NOT EXISTS tmf_state text,
    ADD COLUMN IF NOT EXISTS tmf_status_reason text,
    ADD COLUMN IF NOT EXISTS tmf_priority text,
    ADD COLUMN IF NOT EXISTS tmf_last_update timestamptz,
    ADD COLUMN IF NOT EXISTS tmf_start_date timestamptz,
    ADD COLUMN IF NOT EXISTS tmf_end_date timestamptz,
    ADD COLUMN IF NOT EXISTS tmf_requested_start_date timestamptz,
    ADD COLUMN IF NOT EXISTS tmf_requested_completion_date timestamptz,
    ADD COLUMN IF NOT EXISTS tmf_expected_completion_date timestamptz,
    ADD COLUMN IF NOT EXISTS tmf_completion_date timestamptz,
    ADD COLUMN IF NOT EXISTS tmf_external_id text;
CREATE INDEX IF NOT EXISTS ix_mediation_exception_tmf_id ON usage_revenue_settlement.mediation_exception (tmf_id) WHERE tmf_id IS NOT NULL;
CREATE INDEX IF NOT EXISTS ix_mediation_exception_tmf_href ON usage_revenue_settlement.mediation_exception (tmf_href) WHERE tmf_href IS NOT NULL;
CREATE INDEX IF NOT EXISTS ix_mediation_exception_tmf_state ON usage_revenue_settlement.mediation_exception (tenant_id, tmf_state) WHERE tmf_state IS NOT NULL;
COMMENT ON COLUMN usage_revenue_settlement.mediation_exception.tmf_payload IS 'Full validated TMF resource payload retained for fields not promoted to typed columns.';
COMMENT ON COLUMN usage_revenue_settlement.mediation_exception.tmf_id IS 'TMF resource id from the selected local TMF API baseline when different from canonical_id.';

-- Promote common TMF resource fields on usage_revenue_settlement.cdr_transaction.
ALTER TABLE usage_revenue_settlement.cdr_transaction
    ADD COLUMN IF NOT EXISTS tmf_id text,
    ADD COLUMN IF NOT EXISTS tmf_href text,
    ADD COLUMN IF NOT EXISTS tmf_type text,
    ADD COLUMN IF NOT EXISTS tmf_base_type text,
    ADD COLUMN IF NOT EXISTS tmf_schema_location text,
    ADD COLUMN IF NOT EXISTS tmf_referred_type text,
    ADD COLUMN IF NOT EXISTS tmf_name text,
    ADD COLUMN IF NOT EXISTS tmf_description text,
    ADD COLUMN IF NOT EXISTS tmf_category text,
    ADD COLUMN IF NOT EXISTS tmf_lifecycle_status text,
    ADD COLUMN IF NOT EXISTS tmf_state text,
    ADD COLUMN IF NOT EXISTS tmf_status_reason text,
    ADD COLUMN IF NOT EXISTS tmf_priority text,
    ADD COLUMN IF NOT EXISTS tmf_last_update timestamptz,
    ADD COLUMN IF NOT EXISTS tmf_start_date timestamptz,
    ADD COLUMN IF NOT EXISTS tmf_end_date timestamptz,
    ADD COLUMN IF NOT EXISTS tmf_requested_start_date timestamptz,
    ADD COLUMN IF NOT EXISTS tmf_requested_completion_date timestamptz,
    ADD COLUMN IF NOT EXISTS tmf_expected_completion_date timestamptz,
    ADD COLUMN IF NOT EXISTS tmf_completion_date timestamptz,
    ADD COLUMN IF NOT EXISTS tmf_external_id text;
CREATE INDEX IF NOT EXISTS ix_cdr_transaction_tmf_id ON usage_revenue_settlement.cdr_transaction (tmf_id) WHERE tmf_id IS NOT NULL;
CREATE INDEX IF NOT EXISTS ix_cdr_transaction_tmf_href ON usage_revenue_settlement.cdr_transaction (tmf_href) WHERE tmf_href IS NOT NULL;
CREATE INDEX IF NOT EXISTS ix_cdr_transaction_tmf_state ON usage_revenue_settlement.cdr_transaction (tenant_id, tmf_state) WHERE tmf_state IS NOT NULL;
COMMENT ON COLUMN usage_revenue_settlement.cdr_transaction.tmf_payload IS 'Full validated TMF resource payload retained for fields not promoted to typed columns.';
COMMENT ON COLUMN usage_revenue_settlement.cdr_transaction.tmf_id IS 'TMF resource id from the selected local TMF API baseline when different from canonical_id.';

-- Promote common TMF resource fields on usage_revenue_settlement.consumption_summary.
ALTER TABLE usage_revenue_settlement.consumption_summary
    ADD COLUMN IF NOT EXISTS tmf_id text,
    ADD COLUMN IF NOT EXISTS tmf_href text,
    ADD COLUMN IF NOT EXISTS tmf_type text,
    ADD COLUMN IF NOT EXISTS tmf_base_type text,
    ADD COLUMN IF NOT EXISTS tmf_schema_location text,
    ADD COLUMN IF NOT EXISTS tmf_referred_type text,
    ADD COLUMN IF NOT EXISTS tmf_name text,
    ADD COLUMN IF NOT EXISTS tmf_description text,
    ADD COLUMN IF NOT EXISTS tmf_category text,
    ADD COLUMN IF NOT EXISTS tmf_lifecycle_status text,
    ADD COLUMN IF NOT EXISTS tmf_state text,
    ADD COLUMN IF NOT EXISTS tmf_status_reason text,
    ADD COLUMN IF NOT EXISTS tmf_priority text,
    ADD COLUMN IF NOT EXISTS tmf_last_update timestamptz,
    ADD COLUMN IF NOT EXISTS tmf_start_date timestamptz,
    ADD COLUMN IF NOT EXISTS tmf_end_date timestamptz,
    ADD COLUMN IF NOT EXISTS tmf_requested_start_date timestamptz,
    ADD COLUMN IF NOT EXISTS tmf_requested_completion_date timestamptz,
    ADD COLUMN IF NOT EXISTS tmf_expected_completion_date timestamptz,
    ADD COLUMN IF NOT EXISTS tmf_completion_date timestamptz,
    ADD COLUMN IF NOT EXISTS tmf_external_id text;
CREATE INDEX IF NOT EXISTS ix_consumption_summary_tmf_id ON usage_revenue_settlement.consumption_summary (tmf_id) WHERE tmf_id IS NOT NULL;
CREATE INDEX IF NOT EXISTS ix_consumption_summary_tmf_href ON usage_revenue_settlement.consumption_summary (tmf_href) WHERE tmf_href IS NOT NULL;
CREATE INDEX IF NOT EXISTS ix_consumption_summary_tmf_state ON usage_revenue_settlement.consumption_summary (tenant_id, tmf_state) WHERE tmf_state IS NOT NULL;
COMMENT ON COLUMN usage_revenue_settlement.consumption_summary.tmf_payload IS 'Full validated TMF resource payload retained for fields not promoted to typed columns.';
COMMENT ON COLUMN usage_revenue_settlement.consumption_summary.tmf_id IS 'TMF resource id from the selected local TMF API baseline when different from canonical_id.';

-- Promote common TMF resource fields on usage_revenue_settlement.revenue_assurance_case.
ALTER TABLE usage_revenue_settlement.revenue_assurance_case
    ADD COLUMN IF NOT EXISTS tmf_id text,
    ADD COLUMN IF NOT EXISTS tmf_href text,
    ADD COLUMN IF NOT EXISTS tmf_type text,
    ADD COLUMN IF NOT EXISTS tmf_base_type text,
    ADD COLUMN IF NOT EXISTS tmf_schema_location text,
    ADD COLUMN IF NOT EXISTS tmf_referred_type text,
    ADD COLUMN IF NOT EXISTS tmf_name text,
    ADD COLUMN IF NOT EXISTS tmf_description text,
    ADD COLUMN IF NOT EXISTS tmf_category text,
    ADD COLUMN IF NOT EXISTS tmf_lifecycle_status text,
    ADD COLUMN IF NOT EXISTS tmf_state text,
    ADD COLUMN IF NOT EXISTS tmf_status_reason text,
    ADD COLUMN IF NOT EXISTS tmf_priority text,
    ADD COLUMN IF NOT EXISTS tmf_last_update timestamptz,
    ADD COLUMN IF NOT EXISTS tmf_start_date timestamptz,
    ADD COLUMN IF NOT EXISTS tmf_end_date timestamptz,
    ADD COLUMN IF NOT EXISTS tmf_requested_start_date timestamptz,
    ADD COLUMN IF NOT EXISTS tmf_requested_completion_date timestamptz,
    ADD COLUMN IF NOT EXISTS tmf_expected_completion_date timestamptz,
    ADD COLUMN IF NOT EXISTS tmf_completion_date timestamptz,
    ADD COLUMN IF NOT EXISTS tmf_external_id text;
CREATE INDEX IF NOT EXISTS ix_revenue_assurance_case_tmf_id ON usage_revenue_settlement.revenue_assurance_case (tmf_id) WHERE tmf_id IS NOT NULL;
CREATE INDEX IF NOT EXISTS ix_revenue_assurance_case_tmf_href ON usage_revenue_settlement.revenue_assurance_case (tmf_href) WHERE tmf_href IS NOT NULL;
CREATE INDEX IF NOT EXISTS ix_revenue_assurance_case_tmf_state ON usage_revenue_settlement.revenue_assurance_case (tenant_id, tmf_state) WHERE tmf_state IS NOT NULL;
COMMENT ON COLUMN usage_revenue_settlement.revenue_assurance_case.tmf_payload IS 'Full validated TMF resource payload retained for fields not promoted to typed columns.';
COMMENT ON COLUMN usage_revenue_settlement.revenue_assurance_case.tmf_id IS 'TMF resource id from the selected local TMF API baseline when different from canonical_id.';

-- Promote common TMF resource fields on usage_revenue_settlement.revenue_sharing_model.
ALTER TABLE usage_revenue_settlement.revenue_sharing_model
    ADD COLUMN IF NOT EXISTS tmf_id text,
    ADD COLUMN IF NOT EXISTS tmf_href text,
    ADD COLUMN IF NOT EXISTS tmf_type text,
    ADD COLUMN IF NOT EXISTS tmf_base_type text,
    ADD COLUMN IF NOT EXISTS tmf_schema_location text,
    ADD COLUMN IF NOT EXISTS tmf_referred_type text,
    ADD COLUMN IF NOT EXISTS tmf_name text,
    ADD COLUMN IF NOT EXISTS tmf_description text,
    ADD COLUMN IF NOT EXISTS tmf_category text,
    ADD COLUMN IF NOT EXISTS tmf_lifecycle_status text,
    ADD COLUMN IF NOT EXISTS tmf_state text,
    ADD COLUMN IF NOT EXISTS tmf_status_reason text,
    ADD COLUMN IF NOT EXISTS tmf_priority text,
    ADD COLUMN IF NOT EXISTS tmf_last_update timestamptz,
    ADD COLUMN IF NOT EXISTS tmf_start_date timestamptz,
    ADD COLUMN IF NOT EXISTS tmf_end_date timestamptz,
    ADD COLUMN IF NOT EXISTS tmf_requested_start_date timestamptz,
    ADD COLUMN IF NOT EXISTS tmf_requested_completion_date timestamptz,
    ADD COLUMN IF NOT EXISTS tmf_expected_completion_date timestamptz,
    ADD COLUMN IF NOT EXISTS tmf_completion_date timestamptz,
    ADD COLUMN IF NOT EXISTS tmf_external_id text;
CREATE INDEX IF NOT EXISTS ix_revenue_sharing_model_tmf_id ON usage_revenue_settlement.revenue_sharing_model (tmf_id) WHERE tmf_id IS NOT NULL;
CREATE INDEX IF NOT EXISTS ix_revenue_sharing_model_tmf_href ON usage_revenue_settlement.revenue_sharing_model (tmf_href) WHERE tmf_href IS NOT NULL;
CREATE INDEX IF NOT EXISTS ix_revenue_sharing_model_tmf_state ON usage_revenue_settlement.revenue_sharing_model (tenant_id, tmf_state) WHERE tmf_state IS NOT NULL;
COMMENT ON COLUMN usage_revenue_settlement.revenue_sharing_model.tmf_payload IS 'Full validated TMF resource payload retained for fields not promoted to typed columns.';
COMMENT ON COLUMN usage_revenue_settlement.revenue_sharing_model.tmf_id IS 'TMF resource id from the selected local TMF API baseline when different from canonical_id.';

-- Promote common TMF resource fields on usage_revenue_settlement.revenue_sharing_report.
ALTER TABLE usage_revenue_settlement.revenue_sharing_report
    ADD COLUMN IF NOT EXISTS tmf_id text,
    ADD COLUMN IF NOT EXISTS tmf_href text,
    ADD COLUMN IF NOT EXISTS tmf_type text,
    ADD COLUMN IF NOT EXISTS tmf_base_type text,
    ADD COLUMN IF NOT EXISTS tmf_schema_location text,
    ADD COLUMN IF NOT EXISTS tmf_referred_type text,
    ADD COLUMN IF NOT EXISTS tmf_name text,
    ADD COLUMN IF NOT EXISTS tmf_description text,
    ADD COLUMN IF NOT EXISTS tmf_category text,
    ADD COLUMN IF NOT EXISTS tmf_lifecycle_status text,
    ADD COLUMN IF NOT EXISTS tmf_state text,
    ADD COLUMN IF NOT EXISTS tmf_status_reason text,
    ADD COLUMN IF NOT EXISTS tmf_priority text,
    ADD COLUMN IF NOT EXISTS tmf_last_update timestamptz,
    ADD COLUMN IF NOT EXISTS tmf_start_date timestamptz,
    ADD COLUMN IF NOT EXISTS tmf_end_date timestamptz,
    ADD COLUMN IF NOT EXISTS tmf_requested_start_date timestamptz,
    ADD COLUMN IF NOT EXISTS tmf_requested_completion_date timestamptz,
    ADD COLUMN IF NOT EXISTS tmf_expected_completion_date timestamptz,
    ADD COLUMN IF NOT EXISTS tmf_completion_date timestamptz,
    ADD COLUMN IF NOT EXISTS tmf_external_id text;
CREATE INDEX IF NOT EXISTS ix_revenue_sharing_report_tmf_id ON usage_revenue_settlement.revenue_sharing_report (tmf_id) WHERE tmf_id IS NOT NULL;
CREATE INDEX IF NOT EXISTS ix_revenue_sharing_report_tmf_href ON usage_revenue_settlement.revenue_sharing_report (tmf_href) WHERE tmf_href IS NOT NULL;
CREATE INDEX IF NOT EXISTS ix_revenue_sharing_report_tmf_state ON usage_revenue_settlement.revenue_sharing_report (tenant_id, tmf_state) WHERE tmf_state IS NOT NULL;
COMMENT ON COLUMN usage_revenue_settlement.revenue_sharing_report.tmf_payload IS 'Full validated TMF resource payload retained for fields not promoted to typed columns.';
COMMENT ON COLUMN usage_revenue_settlement.revenue_sharing_report.tmf_id IS 'TMF resource id from the selected local TMF API baseline when different from canonical_id.';

-- Promote common TMF resource fields on usage_revenue_settlement.roaming_interconnect_settlement_exception.
ALTER TABLE usage_revenue_settlement.roaming_interconnect_settlement_exception
    ADD COLUMN IF NOT EXISTS tmf_id text,
    ADD COLUMN IF NOT EXISTS tmf_href text,
    ADD COLUMN IF NOT EXISTS tmf_type text,
    ADD COLUMN IF NOT EXISTS tmf_base_type text,
    ADD COLUMN IF NOT EXISTS tmf_schema_location text,
    ADD COLUMN IF NOT EXISTS tmf_referred_type text,
    ADD COLUMN IF NOT EXISTS tmf_name text,
    ADD COLUMN IF NOT EXISTS tmf_description text,
    ADD COLUMN IF NOT EXISTS tmf_category text,
    ADD COLUMN IF NOT EXISTS tmf_lifecycle_status text,
    ADD COLUMN IF NOT EXISTS tmf_state text,
    ADD COLUMN IF NOT EXISTS tmf_status_reason text,
    ADD COLUMN IF NOT EXISTS tmf_priority text,
    ADD COLUMN IF NOT EXISTS tmf_last_update timestamptz,
    ADD COLUMN IF NOT EXISTS tmf_start_date timestamptz,
    ADD COLUMN IF NOT EXISTS tmf_end_date timestamptz,
    ADD COLUMN IF NOT EXISTS tmf_requested_start_date timestamptz,
    ADD COLUMN IF NOT EXISTS tmf_requested_completion_date timestamptz,
    ADD COLUMN IF NOT EXISTS tmf_expected_completion_date timestamptz,
    ADD COLUMN IF NOT EXISTS tmf_completion_date timestamptz,
    ADD COLUMN IF NOT EXISTS tmf_external_id text;
CREATE INDEX IF NOT EXISTS ix_roaming_interconnect_settlement_exception_tmf_id ON usage_revenue_settlement.roaming_interconnect_settlement_exception (tmf_id) WHERE tmf_id IS NOT NULL;
CREATE INDEX IF NOT EXISTS ix_roaming_interconnect_settlement_exception_tmf_href ON usage_revenue_settlement.roaming_interconnect_settlement_exception (tmf_href) WHERE tmf_href IS NOT NULL;
CREATE INDEX IF NOT EXISTS ix_roaming_interconnect_settlement_exception_tmf_state ON usage_revenue_settlement.roaming_interconnect_settlement_exception (tenant_id, tmf_state) WHERE tmf_state IS NOT NULL;
COMMENT ON COLUMN usage_revenue_settlement.roaming_interconnect_settlement_exception.tmf_payload IS 'Full validated TMF resource payload retained for fields not promoted to typed columns.';
COMMENT ON COLUMN usage_revenue_settlement.roaming_interconnect_settlement_exception.tmf_id IS 'TMF resource id from the selected local TMF API baseline when different from canonical_id.';

-- Promote common TMF resource fields on usage_revenue_settlement.event_outbox.
ALTER TABLE usage_revenue_settlement.event_outbox
    ADD COLUMN IF NOT EXISTS tmf_id text,
    ADD COLUMN IF NOT EXISTS tmf_href text,
    ADD COLUMN IF NOT EXISTS tmf_type text,
    ADD COLUMN IF NOT EXISTS tmf_base_type text,
    ADD COLUMN IF NOT EXISTS tmf_schema_location text,
    ADD COLUMN IF NOT EXISTS tmf_referred_type text,
    ADD COLUMN IF NOT EXISTS tmf_name text,
    ADD COLUMN IF NOT EXISTS tmf_description text,
    ADD COLUMN IF NOT EXISTS tmf_category text,
    ADD COLUMN IF NOT EXISTS tmf_lifecycle_status text,
    ADD COLUMN IF NOT EXISTS tmf_state text,
    ADD COLUMN IF NOT EXISTS tmf_status_reason text,
    ADD COLUMN IF NOT EXISTS tmf_priority text,
    ADD COLUMN IF NOT EXISTS tmf_last_update timestamptz,
    ADD COLUMN IF NOT EXISTS tmf_start_date timestamptz,
    ADD COLUMN IF NOT EXISTS tmf_end_date timestamptz,
    ADD COLUMN IF NOT EXISTS tmf_requested_start_date timestamptz,
    ADD COLUMN IF NOT EXISTS tmf_requested_completion_date timestamptz,
    ADD COLUMN IF NOT EXISTS tmf_expected_completion_date timestamptz,
    ADD COLUMN IF NOT EXISTS tmf_completion_date timestamptz,
    ADD COLUMN IF NOT EXISTS tmf_external_id text;
CREATE INDEX IF NOT EXISTS ix_event_outbox_tmf_id ON usage_revenue_settlement.event_outbox (tmf_id) WHERE tmf_id IS NOT NULL;
CREATE INDEX IF NOT EXISTS ix_event_outbox_tmf_href ON usage_revenue_settlement.event_outbox (tmf_href) WHERE tmf_href IS NOT NULL;
CREATE INDEX IF NOT EXISTS ix_event_outbox_tmf_state ON usage_revenue_settlement.event_outbox (tenant_id, tmf_state) WHERE tmf_state IS NOT NULL;
COMMENT ON COLUMN usage_revenue_settlement.event_outbox.tmf_payload IS 'Full validated TMF resource payload retained for fields not promoted to typed columns.';
COMMENT ON COLUMN usage_revenue_settlement.event_outbox.tmf_id IS 'TMF resource id from the selected local TMF API baseline when different from canonical_id.';

CREATE TABLE IF NOT EXISTS usage_revenue_settlement.tmf_api_resource_map (
    id uuid PRIMARY KEY DEFAULT gen_random_uuid(),
    tmf_api text NOT NULL,
    tmf_resource text NOT NULL,
    resource_path text,
    anchor_table text NOT NULL,
    ownership_role text NOT NULL DEFAULT 'master_or_projection',
    field_strategy text NOT NULL,
    local_spec_path text,
    promoted_fields jsonb NOT NULL DEFAULT '[]'::jsonb,
    payload_required boolean NOT NULL DEFAULT true,
    contract_test_required boolean NOT NULL DEFAULT true,
    created_at timestamptz NOT NULL DEFAULT now(),
    updated_at timestamptz NOT NULL DEFAULT now(),
    CONSTRAINT uk_tmf_api_resource_map UNIQUE (tmf_api, tmf_resource, anchor_table)
);

CREATE TABLE IF NOT EXISTS usage_revenue_settlement.tmf_resource_reference (
    id uuid PRIMARY KEY DEFAULT gen_random_uuid(),
    tenant_id text NOT NULL DEFAULT 'default',
    source_table text NOT NULL,
    source_record_id uuid,
    source_canonical_id text,
    reference_role text NOT NULL,
    referenced_api text,
    referenced_resource text,
    referenced_id text,
    referenced_href text,
    referenced_name text,
    referred_type text,
    reference_payload jsonb NOT NULL DEFAULT '{}'::jsonb,
    valid_from timestamptz,
    valid_to timestamptz,
    created_at timestamptz NOT NULL DEFAULT now(),
    created_by text,
    CONSTRAINT ck_tmf_resource_reference_validity CHECK (valid_to IS NULL OR valid_from IS NULL OR valid_to >= valid_from)
);

CREATE TABLE IF NOT EXISTS usage_revenue_settlement.tmf_characteristic (
    id uuid PRIMARY KEY DEFAULT gen_random_uuid(),
    tenant_id text NOT NULL DEFAULT 'default',
    source_table text NOT NULL,
    source_record_id uuid,
    source_canonical_id text,
    characteristic_name text NOT NULL,
    value_type text,
    characteristic_value jsonb NOT NULL DEFAULT '{}'::jsonb,
    value_from timestamptz,
    value_to timestamptz,
    created_at timestamptz NOT NULL DEFAULT now(),
    created_by text,
    CONSTRAINT ck_tmf_characteristic_validity CHECK (value_to IS NULL OR value_from IS NULL OR value_to >= value_from)
);

CREATE TABLE IF NOT EXISTS usage_revenue_settlement.tmf_external_identifier (
    id uuid PRIMARY KEY DEFAULT gen_random_uuid(),
    tenant_id text NOT NULL DEFAULT 'default',
    source_table text NOT NULL,
    source_record_id uuid,
    source_canonical_id text,
    owner text,
    external_identifier_type text,
    external_identifier_id text NOT NULL,
    external_href text,
    created_at timestamptz NOT NULL DEFAULT now(),
    CONSTRAINT uk_tmf_external_identifier UNIQUE (tenant_id, source_table, external_identifier_id)
);

CREATE TABLE IF NOT EXISTS usage_revenue_settlement.tmf_related_party (
    id uuid PRIMARY KEY DEFAULT gen_random_uuid(),
    tenant_id text NOT NULL DEFAULT 'default',
    source_table text NOT NULL,
    source_record_id uuid,
    source_canonical_id text,
    party_id text,
    party_href text,
    party_name text,
    party_role text,
    party_referred_type text,
    related_party_payload jsonb NOT NULL DEFAULT '{}'::jsonb,
    created_at timestamptz NOT NULL DEFAULT now()
);

CREATE TABLE IF NOT EXISTS usage_revenue_settlement.tmf_note (
    id uuid PRIMARY KEY DEFAULT gen_random_uuid(),
    tenant_id text NOT NULL DEFAULT 'default',
    source_table text NOT NULL,
    source_record_id uuid,
    source_canonical_id text,
    note_author text,
    note_date timestamptz,
    note_text text NOT NULL,
    note_payload jsonb NOT NULL DEFAULT '{}'::jsonb,
    created_at timestamptz NOT NULL DEFAULT now()
);

CREATE TABLE IF NOT EXISTS usage_revenue_settlement.tmf_attachment (
    id uuid PRIMARY KEY DEFAULT gen_random_uuid(),
    tenant_id text NOT NULL DEFAULT 'default',
    source_table text NOT NULL,
    source_record_id uuid,
    source_canonical_id text,
    attachment_id text,
    attachment_href text,
    attachment_name text,
    attachment_type text,
    mime_type text,
    content_url text,
    size_amount numeric,
    size_units text,
    attachment_payload jsonb NOT NULL DEFAULT '{}'::jsonb,
    created_at timestamptz NOT NULL DEFAULT now()
);

CREATE TABLE IF NOT EXISTS usage_revenue_settlement.tmf_relationship (
    id uuid PRIMARY KEY DEFAULT gen_random_uuid(),
    tenant_id text NOT NULL DEFAULT 'default',
    source_table text NOT NULL,
    source_record_id uuid,
    source_canonical_id text,
    relationship_type text NOT NULL,
    target_table text,
    target_record_id uuid,
    target_canonical_id text,
    target_api text,
    target_resource text,
    target_href text,
    relationship_payload jsonb NOT NULL DEFAULT '{}'::jsonb,
    valid_from timestamptz,
    valid_to timestamptz,
    created_at timestamptz NOT NULL DEFAULT now(),
    CONSTRAINT ck_tmf_relationship_validity CHECK (valid_to IS NULL OR valid_from IS NULL OR valid_to >= valid_from)
);

CREATE TABLE IF NOT EXISTS usage_revenue_settlement.event_contract (
    id uuid PRIMARY KEY DEFAULT gen_random_uuid(),
    event_name text NOT NULL,
    event_version text NOT NULL DEFAULT 'v1',
    tmf_api text,
    tmf_resource text,
    source_table text NOT NULL,
    event_type text NOT NULL,
    event_key_strategy text NOT NULL,
    payload_basis text NOT NULL,
    outbox_table text NOT NULL DEFAULT 'usage_revenue_settlement.event_outbox',
    retention_class text NOT NULL DEFAULT 'event_replay_90d',
    masking_policy text NOT NULL DEFAULT 'Apply source table masking policy before external publication',
    consumer_notes text,
    is_active boolean NOT NULL DEFAULT true,
    created_at timestamptz NOT NULL DEFAULT now(),
    updated_at timestamptz NOT NULL DEFAULT now(),
    CONSTRAINT uk_event_contract UNIQUE (event_name, event_version)
);

CREATE TABLE IF NOT EXISTS usage_revenue_settlement.privacy_retention_policy (
    id uuid PRIMARY KEY DEFAULT gen_random_uuid(),
    table_name text NOT NULL,
    data_domain text NOT NULL,
    data_classification text NOT NULL,
    retention_class text NOT NULL,
    retention_basis text NOT NULL,
    default_retention_days integer,
    legal_hold_supported boolean NOT NULL DEFAULT true,
    residency_rule text,
    masking_policy text NOT NULL,
    audit_level text NOT NULL DEFAULT 'standard',
    created_at timestamptz NOT NULL DEFAULT now(),
    updated_at timestamptz NOT NULL DEFAULT now(),
    CONSTRAINT uk_privacy_retention_policy UNIQUE (table_name)
);

CREATE INDEX IF NOT EXISTS ix_tmf_api_resource_map_lookup ON usage_revenue_settlement.tmf_api_resource_map (tmf_api, tmf_resource);
CREATE INDEX IF NOT EXISTS ix_tmf_resource_reference_lookup ON usage_revenue_settlement.tmf_resource_reference (tenant_id, source_table, source_canonical_id);
CREATE INDEX IF NOT EXISTS ix_tmf_characteristic_lookup ON usage_revenue_settlement.tmf_characteristic (tenant_id, source_table, characteristic_name);
CREATE INDEX IF NOT EXISTS ix_tmf_external_identifier_lookup ON usage_revenue_settlement.tmf_external_identifier (tenant_id, external_identifier_id);
CREATE INDEX IF NOT EXISTS ix_tmf_related_party_lookup ON usage_revenue_settlement.tmf_related_party (tenant_id, party_id);
CREATE INDEX IF NOT EXISTS ix_tmf_note_lookup ON usage_revenue_settlement.tmf_note (tenant_id, source_table, source_canonical_id);
CREATE INDEX IF NOT EXISTS ix_tmf_attachment_lookup ON usage_revenue_settlement.tmf_attachment (tenant_id, source_table, source_canonical_id);
CREATE INDEX IF NOT EXISTS ix_tmf_relationship_lookup ON usage_revenue_settlement.tmf_relationship (tenant_id, source_table, relationship_type);
CREATE INDEX IF NOT EXISTS ix_event_contract_lookup ON usage_revenue_settlement.event_contract (event_name, event_version);
CREATE INDEX IF NOT EXISTS ix_privacy_retention_policy_lookup ON usage_revenue_settlement.privacy_retention_policy (table_name);

COMMENT ON TABLE usage_revenue_settlement.tmf_api_resource_map IS 'V002 TMF support/control table for Usage, Charging, And Revenue Settlement.';
COMMENT ON TABLE usage_revenue_settlement.tmf_resource_reference IS 'V002 TMF support/control table for Usage, Charging, And Revenue Settlement.';
COMMENT ON TABLE usage_revenue_settlement.tmf_characteristic IS 'V002 TMF support/control table for Usage, Charging, And Revenue Settlement.';
COMMENT ON TABLE usage_revenue_settlement.tmf_external_identifier IS 'V002 TMF support/control table for Usage, Charging, And Revenue Settlement.';
COMMENT ON TABLE usage_revenue_settlement.tmf_related_party IS 'V002 TMF support/control table for Usage, Charging, And Revenue Settlement.';
COMMENT ON TABLE usage_revenue_settlement.tmf_note IS 'V002 TMF support/control table for Usage, Charging, And Revenue Settlement.';
COMMENT ON TABLE usage_revenue_settlement.tmf_attachment IS 'V002 TMF support/control table for Usage, Charging, And Revenue Settlement.';
COMMENT ON TABLE usage_revenue_settlement.tmf_relationship IS 'V002 TMF support/control table for Usage, Charging, And Revenue Settlement.';
COMMENT ON TABLE usage_revenue_settlement.event_contract IS 'V002 TMF support/control table for Usage, Charging, And Revenue Settlement.';
COMMENT ON TABLE usage_revenue_settlement.privacy_retention_policy IS 'V002 TMF support/control table for Usage, Charging, And Revenue Settlement.';


INSERT INTO usage_revenue_settlement.tmf_api_resource_map (tmf_api, tmf_resource, resource_path, anchor_table, field_strategy, local_spec_path, promoted_fields) VALUES ('TMF635', 'exportJob', '/exportJob', 'usage_ingestion_batch', 'Promote common TMF metadata; store resource-specific fields in tmf_payload until query patterns justify additional typed columns.', 'references/tmforum-open-apis/openapi-specs/TMF635_UsageManagement/TMF635-Product_Usage_Management-v5.0.0.oas.yaml', '[]'::jsonb) ON CONFLICT (tmf_api, tmf_resource, anchor_table) DO UPDATE SET field_strategy = EXCLUDED.field_strategy, local_spec_path = EXCLUDED.local_spec_path, promoted_fields = EXCLUDED.promoted_fields, updated_at = now();
INSERT INTO usage_revenue_settlement.event_contract (event_name, event_version, tmf_api, tmf_resource, source_table, event_type, event_key_strategy, payload_basis, consumer_notes) VALUES ('usage_revenue_settlement.export_job.created', 'v1', 'TMF635', 'exportJob', 'usage_revenue_settlement.usage_ingestion_batch', 'created', 'tenant_id + canonical_id + version', 'typed columns + tmf_payload snapshot', 'Register concrete consumers during integration design') ON CONFLICT (event_name, event_version) DO UPDATE SET source_table = EXCLUDED.source_table, payload_basis = EXCLUDED.payload_basis, updated_at = now();
INSERT INTO usage_revenue_settlement.event_contract (event_name, event_version, tmf_api, tmf_resource, source_table, event_type, event_key_strategy, payload_basis, consumer_notes) VALUES ('usage_revenue_settlement.export_job.updated', 'v1', 'TMF635', 'exportJob', 'usage_revenue_settlement.usage_ingestion_batch', 'updated', 'tenant_id + canonical_id + version', 'typed columns + tmf_payload snapshot', 'Register concrete consumers during integration design') ON CONFLICT (event_name, event_version) DO UPDATE SET source_table = EXCLUDED.source_table, payload_basis = EXCLUDED.payload_basis, updated_at = now();
INSERT INTO usage_revenue_settlement.event_contract (event_name, event_version, tmf_api, tmf_resource, source_table, event_type, event_key_strategy, payload_basis, consumer_notes) VALUES ('usage_revenue_settlement.export_job.stateChanged', 'v1', 'TMF635', 'exportJob', 'usage_revenue_settlement.usage_ingestion_batch', 'stateChanged', 'tenant_id + canonical_id + version', 'typed columns + tmf_payload snapshot', 'Register concrete consumers during integration design') ON CONFLICT (event_name, event_version) DO UPDATE SET source_table = EXCLUDED.source_table, payload_basis = EXCLUDED.payload_basis, updated_at = now();
INSERT INTO usage_revenue_settlement.event_contract (event_name, event_version, tmf_api, tmf_resource, source_table, event_type, event_key_strategy, payload_basis, consumer_notes) VALUES ('usage_revenue_settlement.export_job.deleted', 'v1', 'TMF635', 'exportJob', 'usage_revenue_settlement.usage_ingestion_batch', 'deleted', 'tenant_id + canonical_id + version', 'typed columns + tmf_payload snapshot', 'Register concrete consumers during integration design') ON CONFLICT (event_name, event_version) DO UPDATE SET source_table = EXCLUDED.source_table, payload_basis = EXCLUDED.payload_basis, updated_at = now();
INSERT INTO usage_revenue_settlement.tmf_api_resource_map (tmf_api, tmf_resource, resource_path, anchor_table, field_strategy, local_spec_path, promoted_fields) VALUES ('TMF635', 'productUsage', '/productUsage', 'usage_ingestion_batch', 'Promote common TMF metadata; store resource-specific fields in tmf_payload until query patterns justify additional typed columns.', 'references/tmforum-open-apis/openapi-specs/TMF635_UsageManagement/TMF635-Product_Usage_Management-v5.0.0.oas.yaml', '[]'::jsonb) ON CONFLICT (tmf_api, tmf_resource, anchor_table) DO UPDATE SET field_strategy = EXCLUDED.field_strategy, local_spec_path = EXCLUDED.local_spec_path, promoted_fields = EXCLUDED.promoted_fields, updated_at = now();
INSERT INTO usage_revenue_settlement.event_contract (event_name, event_version, tmf_api, tmf_resource, source_table, event_type, event_key_strategy, payload_basis, consumer_notes) VALUES ('usage_revenue_settlement.product_usage.created', 'v1', 'TMF635', 'productUsage', 'usage_revenue_settlement.usage_ingestion_batch', 'created', 'tenant_id + canonical_id + version', 'typed columns + tmf_payload snapshot', 'Register concrete consumers during integration design') ON CONFLICT (event_name, event_version) DO UPDATE SET source_table = EXCLUDED.source_table, payload_basis = EXCLUDED.payload_basis, updated_at = now();
INSERT INTO usage_revenue_settlement.event_contract (event_name, event_version, tmf_api, tmf_resource, source_table, event_type, event_key_strategy, payload_basis, consumer_notes) VALUES ('usage_revenue_settlement.product_usage.updated', 'v1', 'TMF635', 'productUsage', 'usage_revenue_settlement.usage_ingestion_batch', 'updated', 'tenant_id + canonical_id + version', 'typed columns + tmf_payload snapshot', 'Register concrete consumers during integration design') ON CONFLICT (event_name, event_version) DO UPDATE SET source_table = EXCLUDED.source_table, payload_basis = EXCLUDED.payload_basis, updated_at = now();
INSERT INTO usage_revenue_settlement.event_contract (event_name, event_version, tmf_api, tmf_resource, source_table, event_type, event_key_strategy, payload_basis, consumer_notes) VALUES ('usage_revenue_settlement.product_usage.stateChanged', 'v1', 'TMF635', 'productUsage', 'usage_revenue_settlement.usage_ingestion_batch', 'stateChanged', 'tenant_id + canonical_id + version', 'typed columns + tmf_payload snapshot', 'Register concrete consumers during integration design') ON CONFLICT (event_name, event_version) DO UPDATE SET source_table = EXCLUDED.source_table, payload_basis = EXCLUDED.payload_basis, updated_at = now();
INSERT INTO usage_revenue_settlement.event_contract (event_name, event_version, tmf_api, tmf_resource, source_table, event_type, event_key_strategy, payload_basis, consumer_notes) VALUES ('usage_revenue_settlement.product_usage.deleted', 'v1', 'TMF635', 'productUsage', 'usage_revenue_settlement.usage_ingestion_batch', 'deleted', 'tenant_id + canonical_id + version', 'typed columns + tmf_payload snapshot', 'Register concrete consumers during integration design') ON CONFLICT (event_name, event_version) DO UPDATE SET source_table = EXCLUDED.source_table, payload_basis = EXCLUDED.payload_basis, updated_at = now();
INSERT INTO usage_revenue_settlement.tmf_api_resource_map (tmf_api, tmf_resource, resource_path, anchor_table, field_strategy, local_spec_path, promoted_fields) VALUES ('TMF735', 'cdrTransaction', '/cdrTransaction', 'cdr_transaction', 'Promote common TMF metadata; store resource-specific fields in tmf_payload until query patterns justify additional typed columns.', 'references/tmforum-open-apis/openapi-specs/TMF735_CDRTransactionManagement/TMF735-CDR_Transaction_Management-v5.0.0.oas.yaml', '[]'::jsonb) ON CONFLICT (tmf_api, tmf_resource, anchor_table) DO UPDATE SET field_strategy = EXCLUDED.field_strategy, local_spec_path = EXCLUDED.local_spec_path, promoted_fields = EXCLUDED.promoted_fields, updated_at = now();
INSERT INTO usage_revenue_settlement.event_contract (event_name, event_version, tmf_api, tmf_resource, source_table, event_type, event_key_strategy, payload_basis, consumer_notes) VALUES ('usage_revenue_settlement.cdr_transaction.created', 'v1', 'TMF735', 'cdrTransaction', 'usage_revenue_settlement.cdr_transaction', 'created', 'tenant_id + canonical_id + version', 'typed columns + tmf_payload snapshot', 'Register concrete consumers during integration design') ON CONFLICT (event_name, event_version) DO UPDATE SET source_table = EXCLUDED.source_table, payload_basis = EXCLUDED.payload_basis, updated_at = now();
INSERT INTO usage_revenue_settlement.event_contract (event_name, event_version, tmf_api, tmf_resource, source_table, event_type, event_key_strategy, payload_basis, consumer_notes) VALUES ('usage_revenue_settlement.cdr_transaction.updated', 'v1', 'TMF735', 'cdrTransaction', 'usage_revenue_settlement.cdr_transaction', 'updated', 'tenant_id + canonical_id + version', 'typed columns + tmf_payload snapshot', 'Register concrete consumers during integration design') ON CONFLICT (event_name, event_version) DO UPDATE SET source_table = EXCLUDED.source_table, payload_basis = EXCLUDED.payload_basis, updated_at = now();
INSERT INTO usage_revenue_settlement.event_contract (event_name, event_version, tmf_api, tmf_resource, source_table, event_type, event_key_strategy, payload_basis, consumer_notes) VALUES ('usage_revenue_settlement.cdr_transaction.stateChanged', 'v1', 'TMF735', 'cdrTransaction', 'usage_revenue_settlement.cdr_transaction', 'stateChanged', 'tenant_id + canonical_id + version', 'typed columns + tmf_payload snapshot', 'Register concrete consumers during integration design') ON CONFLICT (event_name, event_version) DO UPDATE SET source_table = EXCLUDED.source_table, payload_basis = EXCLUDED.payload_basis, updated_at = now();
INSERT INTO usage_revenue_settlement.event_contract (event_name, event_version, tmf_api, tmf_resource, source_table, event_type, event_key_strategy, payload_basis, consumer_notes) VALUES ('usage_revenue_settlement.cdr_transaction.deleted', 'v1', 'TMF735', 'cdrTransaction', 'usage_revenue_settlement.cdr_transaction', 'deleted', 'tenant_id + canonical_id + version', 'typed columns + tmf_payload snapshot', 'Register concrete consumers during integration design') ON CONFLICT (event_name, event_version) DO UPDATE SET source_table = EXCLUDED.source_table, payload_basis = EXCLUDED.payload_basis, updated_at = now();
INSERT INTO usage_revenue_settlement.tmf_api_resource_map (tmf_api, tmf_resource, resource_path, anchor_table, field_strategy, local_spec_path, promoted_fields) VALUES ('TMF771', 'resourceUsage', '/resourceUsage', 'usage_ingestion_batch', 'Promote common TMF metadata; store resource-specific fields in tmf_payload until query patterns justify additional typed columns.', 'references/tmforum-open-apis/openapi-specs/TMF771_ResourceUsage/TMF771-Resource_Usage_Management-v5.0.0.oas.yaml', '[]'::jsonb) ON CONFLICT (tmf_api, tmf_resource, anchor_table) DO UPDATE SET field_strategy = EXCLUDED.field_strategy, local_spec_path = EXCLUDED.local_spec_path, promoted_fields = EXCLUDED.promoted_fields, updated_at = now();
INSERT INTO usage_revenue_settlement.event_contract (event_name, event_version, tmf_api, tmf_resource, source_table, event_type, event_key_strategy, payload_basis, consumer_notes) VALUES ('usage_revenue_settlement.resource_usage.created', 'v1', 'TMF771', 'resourceUsage', 'usage_revenue_settlement.usage_ingestion_batch', 'created', 'tenant_id + canonical_id + version', 'typed columns + tmf_payload snapshot', 'Register concrete consumers during integration design') ON CONFLICT (event_name, event_version) DO UPDATE SET source_table = EXCLUDED.source_table, payload_basis = EXCLUDED.payload_basis, updated_at = now();
INSERT INTO usage_revenue_settlement.event_contract (event_name, event_version, tmf_api, tmf_resource, source_table, event_type, event_key_strategy, payload_basis, consumer_notes) VALUES ('usage_revenue_settlement.resource_usage.updated', 'v1', 'TMF771', 'resourceUsage', 'usage_revenue_settlement.usage_ingestion_batch', 'updated', 'tenant_id + canonical_id + version', 'typed columns + tmf_payload snapshot', 'Register concrete consumers during integration design') ON CONFLICT (event_name, event_version) DO UPDATE SET source_table = EXCLUDED.source_table, payload_basis = EXCLUDED.payload_basis, updated_at = now();
INSERT INTO usage_revenue_settlement.event_contract (event_name, event_version, tmf_api, tmf_resource, source_table, event_type, event_key_strategy, payload_basis, consumer_notes) VALUES ('usage_revenue_settlement.resource_usage.stateChanged', 'v1', 'TMF771', 'resourceUsage', 'usage_revenue_settlement.usage_ingestion_batch', 'stateChanged', 'tenant_id + canonical_id + version', 'typed columns + tmf_payload snapshot', 'Register concrete consumers during integration design') ON CONFLICT (event_name, event_version) DO UPDATE SET source_table = EXCLUDED.source_table, payload_basis = EXCLUDED.payload_basis, updated_at = now();
INSERT INTO usage_revenue_settlement.event_contract (event_name, event_version, tmf_api, tmf_resource, source_table, event_type, event_key_strategy, payload_basis, consumer_notes) VALUES ('usage_revenue_settlement.resource_usage.deleted', 'v1', 'TMF771', 'resourceUsage', 'usage_revenue_settlement.usage_ingestion_batch', 'deleted', 'tenant_id + canonical_id + version', 'typed columns + tmf_payload snapshot', 'Register concrete consumers during integration design') ON CONFLICT (event_name, event_version) DO UPDATE SET source_table = EXCLUDED.source_table, payload_basis = EXCLUDED.payload_basis, updated_at = now();
INSERT INTO usage_revenue_settlement.tmf_api_resource_map (tmf_api, tmf_resource, resource_path, anchor_table, field_strategy, local_spec_path, promoted_fields) VALUES ('TMF771', 'resourceUsageSpecification', '/resourceUsageSpecification', 'usage_ingestion_batch', 'Promote common TMF metadata; store resource-specific fields in tmf_payload until query patterns justify additional typed columns.', 'references/tmforum-open-apis/openapi-specs/TMF771_ResourceUsage/TMF771-Resource_Usage_Management-v5.0.0.oas.yaml', '[]'::jsonb) ON CONFLICT (tmf_api, tmf_resource, anchor_table) DO UPDATE SET field_strategy = EXCLUDED.field_strategy, local_spec_path = EXCLUDED.local_spec_path, promoted_fields = EXCLUDED.promoted_fields, updated_at = now();
INSERT INTO usage_revenue_settlement.event_contract (event_name, event_version, tmf_api, tmf_resource, source_table, event_type, event_key_strategy, payload_basis, consumer_notes) VALUES ('usage_revenue_settlement.resource_usage_specification.created', 'v1', 'TMF771', 'resourceUsageSpecification', 'usage_revenue_settlement.usage_ingestion_batch', 'created', 'tenant_id + canonical_id + version', 'typed columns + tmf_payload snapshot', 'Register concrete consumers during integration design') ON CONFLICT (event_name, event_version) DO UPDATE SET source_table = EXCLUDED.source_table, payload_basis = EXCLUDED.payload_basis, updated_at = now();
INSERT INTO usage_revenue_settlement.event_contract (event_name, event_version, tmf_api, tmf_resource, source_table, event_type, event_key_strategy, payload_basis, consumer_notes) VALUES ('usage_revenue_settlement.resource_usage_specification.updated', 'v1', 'TMF771', 'resourceUsageSpecification', 'usage_revenue_settlement.usage_ingestion_batch', 'updated', 'tenant_id + canonical_id + version', 'typed columns + tmf_payload snapshot', 'Register concrete consumers during integration design') ON CONFLICT (event_name, event_version) DO UPDATE SET source_table = EXCLUDED.source_table, payload_basis = EXCLUDED.payload_basis, updated_at = now();
INSERT INTO usage_revenue_settlement.event_contract (event_name, event_version, tmf_api, tmf_resource, source_table, event_type, event_key_strategy, payload_basis, consumer_notes) VALUES ('usage_revenue_settlement.resource_usage_specification.stateChanged', 'v1', 'TMF771', 'resourceUsageSpecification', 'usage_revenue_settlement.usage_ingestion_batch', 'stateChanged', 'tenant_id + canonical_id + version', 'typed columns + tmf_payload snapshot', 'Register concrete consumers during integration design') ON CONFLICT (event_name, event_version) DO UPDATE SET source_table = EXCLUDED.source_table, payload_basis = EXCLUDED.payload_basis, updated_at = now();
INSERT INTO usage_revenue_settlement.event_contract (event_name, event_version, tmf_api, tmf_resource, source_table, event_type, event_key_strategy, payload_basis, consumer_notes) VALUES ('usage_revenue_settlement.resource_usage_specification.deleted', 'v1', 'TMF771', 'resourceUsageSpecification', 'usage_revenue_settlement.usage_ingestion_batch', 'deleted', 'tenant_id + canonical_id + version', 'typed columns + tmf_payload snapshot', 'Register concrete consumers during integration design') ON CONFLICT (event_name, event_version) DO UPDATE SET source_table = EXCLUDED.source_table, payload_basis = EXCLUDED.payload_basis, updated_at = now();
INSERT INTO usage_revenue_settlement.tmf_api_resource_map (tmf_api, tmf_resource, resource_path, anchor_table, field_strategy, local_spec_path, promoted_fields) VALUES ('TMF677', 'queryUsageConsumption', '/queryUsageConsumption', 'consumption_summary', 'Promote common TMF metadata; store resource-specific fields in tmf_payload until query patterns justify additional typed columns.', 'references/tmforum-open-apis/openapi-specs/TMF677_UsageConsumption/TMF677-Usage_Consumption-v5.1.0.oas.yaml', '[]'::jsonb) ON CONFLICT (tmf_api, tmf_resource, anchor_table) DO UPDATE SET field_strategy = EXCLUDED.field_strategy, local_spec_path = EXCLUDED.local_spec_path, promoted_fields = EXCLUDED.promoted_fields, updated_at = now();
INSERT INTO usage_revenue_settlement.event_contract (event_name, event_version, tmf_api, tmf_resource, source_table, event_type, event_key_strategy, payload_basis, consumer_notes) VALUES ('usage_revenue_settlement.query_usage_consumption.created', 'v1', 'TMF677', 'queryUsageConsumption', 'usage_revenue_settlement.consumption_summary', 'created', 'tenant_id + canonical_id + version', 'typed columns + tmf_payload snapshot', 'Register concrete consumers during integration design') ON CONFLICT (event_name, event_version) DO UPDATE SET source_table = EXCLUDED.source_table, payload_basis = EXCLUDED.payload_basis, updated_at = now();
INSERT INTO usage_revenue_settlement.event_contract (event_name, event_version, tmf_api, tmf_resource, source_table, event_type, event_key_strategy, payload_basis, consumer_notes) VALUES ('usage_revenue_settlement.query_usage_consumption.updated', 'v1', 'TMF677', 'queryUsageConsumption', 'usage_revenue_settlement.consumption_summary', 'updated', 'tenant_id + canonical_id + version', 'typed columns + tmf_payload snapshot', 'Register concrete consumers during integration design') ON CONFLICT (event_name, event_version) DO UPDATE SET source_table = EXCLUDED.source_table, payload_basis = EXCLUDED.payload_basis, updated_at = now();
INSERT INTO usage_revenue_settlement.event_contract (event_name, event_version, tmf_api, tmf_resource, source_table, event_type, event_key_strategy, payload_basis, consumer_notes) VALUES ('usage_revenue_settlement.query_usage_consumption.stateChanged', 'v1', 'TMF677', 'queryUsageConsumption', 'usage_revenue_settlement.consumption_summary', 'stateChanged', 'tenant_id + canonical_id + version', 'typed columns + tmf_payload snapshot', 'Register concrete consumers during integration design') ON CONFLICT (event_name, event_version) DO UPDATE SET source_table = EXCLUDED.source_table, payload_basis = EXCLUDED.payload_basis, updated_at = now();
INSERT INTO usage_revenue_settlement.event_contract (event_name, event_version, tmf_api, tmf_resource, source_table, event_type, event_key_strategy, payload_basis, consumer_notes) VALUES ('usage_revenue_settlement.query_usage_consumption.deleted', 'v1', 'TMF677', 'queryUsageConsumption', 'usage_revenue_settlement.consumption_summary', 'deleted', 'tenant_id + canonical_id + version', 'typed columns + tmf_payload snapshot', 'Register concrete consumers during integration design') ON CONFLICT (event_name, event_version) DO UPDATE SET source_table = EXCLUDED.source_table, payload_basis = EXCLUDED.payload_basis, updated_at = now();
INSERT INTO usage_revenue_settlement.tmf_api_resource_map (tmf_api, tmf_resource, resource_path, anchor_table, field_strategy, local_spec_path, promoted_fields) VALUES ('TMF677', 'usageConsumptionReport', '/usageConsumptionReport', 'consumption_summary', 'Promote common TMF metadata; store resource-specific fields in tmf_payload until query patterns justify additional typed columns.', 'references/tmforum-open-apis/openapi-specs/TMF677_UsageConsumption/TMF677-Usage_Consumption-v5.1.0.oas.yaml', '[]'::jsonb) ON CONFLICT (tmf_api, tmf_resource, anchor_table) DO UPDATE SET field_strategy = EXCLUDED.field_strategy, local_spec_path = EXCLUDED.local_spec_path, promoted_fields = EXCLUDED.promoted_fields, updated_at = now();
INSERT INTO usage_revenue_settlement.event_contract (event_name, event_version, tmf_api, tmf_resource, source_table, event_type, event_key_strategy, payload_basis, consumer_notes) VALUES ('usage_revenue_settlement.usage_consumption_report.created', 'v1', 'TMF677', 'usageConsumptionReport', 'usage_revenue_settlement.consumption_summary', 'created', 'tenant_id + canonical_id + version', 'typed columns + tmf_payload snapshot', 'Register concrete consumers during integration design') ON CONFLICT (event_name, event_version) DO UPDATE SET source_table = EXCLUDED.source_table, payload_basis = EXCLUDED.payload_basis, updated_at = now();
INSERT INTO usage_revenue_settlement.event_contract (event_name, event_version, tmf_api, tmf_resource, source_table, event_type, event_key_strategy, payload_basis, consumer_notes) VALUES ('usage_revenue_settlement.usage_consumption_report.updated', 'v1', 'TMF677', 'usageConsumptionReport', 'usage_revenue_settlement.consumption_summary', 'updated', 'tenant_id + canonical_id + version', 'typed columns + tmf_payload snapshot', 'Register concrete consumers during integration design') ON CONFLICT (event_name, event_version) DO UPDATE SET source_table = EXCLUDED.source_table, payload_basis = EXCLUDED.payload_basis, updated_at = now();
INSERT INTO usage_revenue_settlement.event_contract (event_name, event_version, tmf_api, tmf_resource, source_table, event_type, event_key_strategy, payload_basis, consumer_notes) VALUES ('usage_revenue_settlement.usage_consumption_report.stateChanged', 'v1', 'TMF677', 'usageConsumptionReport', 'usage_revenue_settlement.consumption_summary', 'stateChanged', 'tenant_id + canonical_id + version', 'typed columns + tmf_payload snapshot', 'Register concrete consumers during integration design') ON CONFLICT (event_name, event_version) DO UPDATE SET source_table = EXCLUDED.source_table, payload_basis = EXCLUDED.payload_basis, updated_at = now();
INSERT INTO usage_revenue_settlement.event_contract (event_name, event_version, tmf_api, tmf_resource, source_table, event_type, event_key_strategy, payload_basis, consumer_notes) VALUES ('usage_revenue_settlement.usage_consumption_report.deleted', 'v1', 'TMF677', 'usageConsumptionReport', 'usage_revenue_settlement.consumption_summary', 'deleted', 'tenant_id + canonical_id + version', 'typed columns + tmf_payload snapshot', 'Register concrete consumers during integration design') ON CONFLICT (event_name, event_version) DO UPDATE SET source_table = EXCLUDED.source_table, payload_basis = EXCLUDED.payload_basis, updated_at = now();
INSERT INTO usage_revenue_settlement.tmf_api_resource_map (tmf_api, tmf_resource, resource_path, anchor_table, field_strategy, local_spec_path, promoted_fields) VALUES ('TMF696', 'partyRoleProductOfferingRiskAssessment', '/partyRoleProductOfferingRiskAssessment', 'usage_ingestion_batch', 'Promote common TMF lifecycle/reference fields; store remaining validated resource fields in tmf_payload and characteristics tables.', 'references/tmforum-open-apis/openapi-specs/TMF696_RiskManagement/TMF696_Risk_Management_API_v4.0.0_swagger.json', '["id", "href", "status", "characteristic", "partyRole", "place", "productOffering", "riskAssessmentResult", "@baseType", "@schemaLocation", "@type"]'::jsonb) ON CONFLICT (tmf_api, tmf_resource, anchor_table) DO UPDATE SET field_strategy = EXCLUDED.field_strategy, local_spec_path = EXCLUDED.local_spec_path, promoted_fields = EXCLUDED.promoted_fields, updated_at = now();
INSERT INTO usage_revenue_settlement.event_contract (event_name, event_version, tmf_api, tmf_resource, source_table, event_type, event_key_strategy, payload_basis, consumer_notes) VALUES ('usage_revenue_settlement.party_role_product_offering_risk_assessment.created', 'v1', 'TMF696', 'partyRoleProductOfferingRiskAssessment', 'usage_revenue_settlement.usage_ingestion_batch', 'created', 'tenant_id + canonical_id + version', 'typed columns + tmf_payload snapshot', 'Register concrete consumers during integration design') ON CONFLICT (event_name, event_version) DO UPDATE SET source_table = EXCLUDED.source_table, payload_basis = EXCLUDED.payload_basis, updated_at = now();
INSERT INTO usage_revenue_settlement.event_contract (event_name, event_version, tmf_api, tmf_resource, source_table, event_type, event_key_strategy, payload_basis, consumer_notes) VALUES ('usage_revenue_settlement.party_role_product_offering_risk_assessment.updated', 'v1', 'TMF696', 'partyRoleProductOfferingRiskAssessment', 'usage_revenue_settlement.usage_ingestion_batch', 'updated', 'tenant_id + canonical_id + version', 'typed columns + tmf_payload snapshot', 'Register concrete consumers during integration design') ON CONFLICT (event_name, event_version) DO UPDATE SET source_table = EXCLUDED.source_table, payload_basis = EXCLUDED.payload_basis, updated_at = now();
INSERT INTO usage_revenue_settlement.event_contract (event_name, event_version, tmf_api, tmf_resource, source_table, event_type, event_key_strategy, payload_basis, consumer_notes) VALUES ('usage_revenue_settlement.party_role_product_offering_risk_assessment.stateChanged', 'v1', 'TMF696', 'partyRoleProductOfferingRiskAssessment', 'usage_revenue_settlement.usage_ingestion_batch', 'stateChanged', 'tenant_id + canonical_id + version', 'typed columns + tmf_payload snapshot', 'Register concrete consumers during integration design') ON CONFLICT (event_name, event_version) DO UPDATE SET source_table = EXCLUDED.source_table, payload_basis = EXCLUDED.payload_basis, updated_at = now();
INSERT INTO usage_revenue_settlement.event_contract (event_name, event_version, tmf_api, tmf_resource, source_table, event_type, event_key_strategy, payload_basis, consumer_notes) VALUES ('usage_revenue_settlement.party_role_product_offering_risk_assessment.deleted', 'v1', 'TMF696', 'partyRoleProductOfferingRiskAssessment', 'usage_revenue_settlement.usage_ingestion_batch', 'deleted', 'tenant_id + canonical_id + version', 'typed columns + tmf_payload snapshot', 'Register concrete consumers during integration design') ON CONFLICT (event_name, event_version) DO UPDATE SET source_table = EXCLUDED.source_table, payload_basis = EXCLUDED.payload_basis, updated_at = now();
INSERT INTO usage_revenue_settlement.tmf_api_resource_map (tmf_api, tmf_resource, resource_path, anchor_table, field_strategy, local_spec_path, promoted_fields) VALUES ('TMF696', 'partyRoleRiskAssessment', '/partyRoleRiskAssessment', 'usage_ingestion_batch', 'Promote common TMF lifecycle/reference fields; store remaining validated resource fields in tmf_payload and characteristics tables.', 'references/tmforum-open-apis/openapi-specs/TMF696_RiskManagement/TMF696_Risk_Management_API_v4.0.0_swagger.json', '["id", "href", "status", "characteristic", "place", "riskAssessmentResult", "@baseType", "@schemaLocation", "@type"]'::jsonb) ON CONFLICT (tmf_api, tmf_resource, anchor_table) DO UPDATE SET field_strategy = EXCLUDED.field_strategy, local_spec_path = EXCLUDED.local_spec_path, promoted_fields = EXCLUDED.promoted_fields, updated_at = now();
INSERT INTO usage_revenue_settlement.event_contract (event_name, event_version, tmf_api, tmf_resource, source_table, event_type, event_key_strategy, payload_basis, consumer_notes) VALUES ('usage_revenue_settlement.party_role_risk_assessment.created', 'v1', 'TMF696', 'partyRoleRiskAssessment', 'usage_revenue_settlement.usage_ingestion_batch', 'created', 'tenant_id + canonical_id + version', 'typed columns + tmf_payload snapshot', 'Register concrete consumers during integration design') ON CONFLICT (event_name, event_version) DO UPDATE SET source_table = EXCLUDED.source_table, payload_basis = EXCLUDED.payload_basis, updated_at = now();
INSERT INTO usage_revenue_settlement.event_contract (event_name, event_version, tmf_api, tmf_resource, source_table, event_type, event_key_strategy, payload_basis, consumer_notes) VALUES ('usage_revenue_settlement.party_role_risk_assessment.updated', 'v1', 'TMF696', 'partyRoleRiskAssessment', 'usage_revenue_settlement.usage_ingestion_batch', 'updated', 'tenant_id + canonical_id + version', 'typed columns + tmf_payload snapshot', 'Register concrete consumers during integration design') ON CONFLICT (event_name, event_version) DO UPDATE SET source_table = EXCLUDED.source_table, payload_basis = EXCLUDED.payload_basis, updated_at = now();
INSERT INTO usage_revenue_settlement.event_contract (event_name, event_version, tmf_api, tmf_resource, source_table, event_type, event_key_strategy, payload_basis, consumer_notes) VALUES ('usage_revenue_settlement.party_role_risk_assessment.stateChanged', 'v1', 'TMF696', 'partyRoleRiskAssessment', 'usage_revenue_settlement.usage_ingestion_batch', 'stateChanged', 'tenant_id + canonical_id + version', 'typed columns + tmf_payload snapshot', 'Register concrete consumers during integration design') ON CONFLICT (event_name, event_version) DO UPDATE SET source_table = EXCLUDED.source_table, payload_basis = EXCLUDED.payload_basis, updated_at = now();
INSERT INTO usage_revenue_settlement.event_contract (event_name, event_version, tmf_api, tmf_resource, source_table, event_type, event_key_strategy, payload_basis, consumer_notes) VALUES ('usage_revenue_settlement.party_role_risk_assessment.deleted', 'v1', 'TMF696', 'partyRoleRiskAssessment', 'usage_revenue_settlement.usage_ingestion_batch', 'deleted', 'tenant_id + canonical_id + version', 'typed columns + tmf_payload snapshot', 'Register concrete consumers during integration design') ON CONFLICT (event_name, event_version) DO UPDATE SET source_table = EXCLUDED.source_table, payload_basis = EXCLUDED.payload_basis, updated_at = now();
INSERT INTO usage_revenue_settlement.tmf_api_resource_map (tmf_api, tmf_resource, resource_path, anchor_table, field_strategy, local_spec_path, promoted_fields) VALUES ('TMF696', 'productOfferingRiskAssessment', '/productOfferingRiskAssessment', 'usage_ingestion_batch', 'Promote common TMF lifecycle/reference fields; store remaining validated resource fields in tmf_payload and characteristics tables.', 'references/tmforum-open-apis/openapi-specs/TMF696_RiskManagement/TMF696_Risk_Management_API_v4.0.0_swagger.json', '["id", "href", "status", "characteristic", "partyRole", "place", "productOffering", "riskAssessmentResult", "@baseType", "@schemaLocation", "@type"]'::jsonb) ON CONFLICT (tmf_api, tmf_resource, anchor_table) DO UPDATE SET field_strategy = EXCLUDED.field_strategy, local_spec_path = EXCLUDED.local_spec_path, promoted_fields = EXCLUDED.promoted_fields, updated_at = now();
INSERT INTO usage_revenue_settlement.event_contract (event_name, event_version, tmf_api, tmf_resource, source_table, event_type, event_key_strategy, payload_basis, consumer_notes) VALUES ('usage_revenue_settlement.product_offering_risk_assessment.created', 'v1', 'TMF696', 'productOfferingRiskAssessment', 'usage_revenue_settlement.usage_ingestion_batch', 'created', 'tenant_id + canonical_id + version', 'typed columns + tmf_payload snapshot', 'Register concrete consumers during integration design') ON CONFLICT (event_name, event_version) DO UPDATE SET source_table = EXCLUDED.source_table, payload_basis = EXCLUDED.payload_basis, updated_at = now();
INSERT INTO usage_revenue_settlement.event_contract (event_name, event_version, tmf_api, tmf_resource, source_table, event_type, event_key_strategy, payload_basis, consumer_notes) VALUES ('usage_revenue_settlement.product_offering_risk_assessment.updated', 'v1', 'TMF696', 'productOfferingRiskAssessment', 'usage_revenue_settlement.usage_ingestion_batch', 'updated', 'tenant_id + canonical_id + version', 'typed columns + tmf_payload snapshot', 'Register concrete consumers during integration design') ON CONFLICT (event_name, event_version) DO UPDATE SET source_table = EXCLUDED.source_table, payload_basis = EXCLUDED.payload_basis, updated_at = now();
INSERT INTO usage_revenue_settlement.event_contract (event_name, event_version, tmf_api, tmf_resource, source_table, event_type, event_key_strategy, payload_basis, consumer_notes) VALUES ('usage_revenue_settlement.product_offering_risk_assessment.stateChanged', 'v1', 'TMF696', 'productOfferingRiskAssessment', 'usage_revenue_settlement.usage_ingestion_batch', 'stateChanged', 'tenant_id + canonical_id + version', 'typed columns + tmf_payload snapshot', 'Register concrete consumers during integration design') ON CONFLICT (event_name, event_version) DO UPDATE SET source_table = EXCLUDED.source_table, payload_basis = EXCLUDED.payload_basis, updated_at = now();
INSERT INTO usage_revenue_settlement.event_contract (event_name, event_version, tmf_api, tmf_resource, source_table, event_type, event_key_strategy, payload_basis, consumer_notes) VALUES ('usage_revenue_settlement.product_offering_risk_assessment.deleted', 'v1', 'TMF696', 'productOfferingRiskAssessment', 'usage_revenue_settlement.usage_ingestion_batch', 'deleted', 'tenant_id + canonical_id + version', 'typed columns + tmf_payload snapshot', 'Register concrete consumers during integration design') ON CONFLICT (event_name, event_version) DO UPDATE SET source_table = EXCLUDED.source_table, payload_basis = EXCLUDED.payload_basis, updated_at = now();
INSERT INTO usage_revenue_settlement.tmf_api_resource_map (tmf_api, tmf_resource, resource_path, anchor_table, field_strategy, local_spec_path, promoted_fields) VALUES ('TMF696', 'productOrderRiskAssessment', '/productOrderRiskAssessment', 'usage_ingestion_batch', 'Promote common TMF lifecycle/reference fields; store remaining validated resource fields in tmf_payload and characteristics tables.', 'references/tmforum-open-apis/openapi-specs/TMF696_RiskManagement/TMF696_Risk_Management_API_v4.0.0_swagger.json', '["id", "href", "status", "characteristic", "place", "productOrder", "riskAssessmentResult", "@baseType", "@schemaLocation", "@type"]'::jsonb) ON CONFLICT (tmf_api, tmf_resource, anchor_table) DO UPDATE SET field_strategy = EXCLUDED.field_strategy, local_spec_path = EXCLUDED.local_spec_path, promoted_fields = EXCLUDED.promoted_fields, updated_at = now();
INSERT INTO usage_revenue_settlement.event_contract (event_name, event_version, tmf_api, tmf_resource, source_table, event_type, event_key_strategy, payload_basis, consumer_notes) VALUES ('usage_revenue_settlement.product_order_risk_assessment.created', 'v1', 'TMF696', 'productOrderRiskAssessment', 'usage_revenue_settlement.usage_ingestion_batch', 'created', 'tenant_id + canonical_id + version', 'typed columns + tmf_payload snapshot', 'Register concrete consumers during integration design') ON CONFLICT (event_name, event_version) DO UPDATE SET source_table = EXCLUDED.source_table, payload_basis = EXCLUDED.payload_basis, updated_at = now();
INSERT INTO usage_revenue_settlement.event_contract (event_name, event_version, tmf_api, tmf_resource, source_table, event_type, event_key_strategy, payload_basis, consumer_notes) VALUES ('usage_revenue_settlement.product_order_risk_assessment.updated', 'v1', 'TMF696', 'productOrderRiskAssessment', 'usage_revenue_settlement.usage_ingestion_batch', 'updated', 'tenant_id + canonical_id + version', 'typed columns + tmf_payload snapshot', 'Register concrete consumers during integration design') ON CONFLICT (event_name, event_version) DO UPDATE SET source_table = EXCLUDED.source_table, payload_basis = EXCLUDED.payload_basis, updated_at = now();
INSERT INTO usage_revenue_settlement.event_contract (event_name, event_version, tmf_api, tmf_resource, source_table, event_type, event_key_strategy, payload_basis, consumer_notes) VALUES ('usage_revenue_settlement.product_order_risk_assessment.stateChanged', 'v1', 'TMF696', 'productOrderRiskAssessment', 'usage_revenue_settlement.usage_ingestion_batch', 'stateChanged', 'tenant_id + canonical_id + version', 'typed columns + tmf_payload snapshot', 'Register concrete consumers during integration design') ON CONFLICT (event_name, event_version) DO UPDATE SET source_table = EXCLUDED.source_table, payload_basis = EXCLUDED.payload_basis, updated_at = now();
INSERT INTO usage_revenue_settlement.event_contract (event_name, event_version, tmf_api, tmf_resource, source_table, event_type, event_key_strategy, payload_basis, consumer_notes) VALUES ('usage_revenue_settlement.product_order_risk_assessment.deleted', 'v1', 'TMF696', 'productOrderRiskAssessment', 'usage_revenue_settlement.usage_ingestion_batch', 'deleted', 'tenant_id + canonical_id + version', 'typed columns + tmf_payload snapshot', 'Register concrete consumers during integration design') ON CONFLICT (event_name, event_version) DO UPDATE SET source_table = EXCLUDED.source_table, payload_basis = EXCLUDED.payload_basis, updated_at = now();
INSERT INTO usage_revenue_settlement.tmf_api_resource_map (tmf_api, tmf_resource, resource_path, anchor_table, field_strategy, local_spec_path, promoted_fields) VALUES ('TMF696', 'shoppingCartRiskAssessment', '/shoppingCartRiskAssessment', 'usage_ingestion_batch', 'Promote common TMF lifecycle/reference fields; store remaining validated resource fields in tmf_payload and characteristics tables.', 'references/tmforum-open-apis/openapi-specs/TMF696_RiskManagement/TMF696_Risk_Management_API_v4.0.0_swagger.json', '["id", "href", "status", "characteristic", "place", "riskAssessmentResult", "shoppingCart", "@baseType", "@schemaLocation", "@type"]'::jsonb) ON CONFLICT (tmf_api, tmf_resource, anchor_table) DO UPDATE SET field_strategy = EXCLUDED.field_strategy, local_spec_path = EXCLUDED.local_spec_path, promoted_fields = EXCLUDED.promoted_fields, updated_at = now();
INSERT INTO usage_revenue_settlement.event_contract (event_name, event_version, tmf_api, tmf_resource, source_table, event_type, event_key_strategy, payload_basis, consumer_notes) VALUES ('usage_revenue_settlement.shopping_cart_risk_assessment.created', 'v1', 'TMF696', 'shoppingCartRiskAssessment', 'usage_revenue_settlement.usage_ingestion_batch', 'created', 'tenant_id + canonical_id + version', 'typed columns + tmf_payload snapshot', 'Register concrete consumers during integration design') ON CONFLICT (event_name, event_version) DO UPDATE SET source_table = EXCLUDED.source_table, payload_basis = EXCLUDED.payload_basis, updated_at = now();
INSERT INTO usage_revenue_settlement.event_contract (event_name, event_version, tmf_api, tmf_resource, source_table, event_type, event_key_strategy, payload_basis, consumer_notes) VALUES ('usage_revenue_settlement.shopping_cart_risk_assessment.updated', 'v1', 'TMF696', 'shoppingCartRiskAssessment', 'usage_revenue_settlement.usage_ingestion_batch', 'updated', 'tenant_id + canonical_id + version', 'typed columns + tmf_payload snapshot', 'Register concrete consumers during integration design') ON CONFLICT (event_name, event_version) DO UPDATE SET source_table = EXCLUDED.source_table, payload_basis = EXCLUDED.payload_basis, updated_at = now();
INSERT INTO usage_revenue_settlement.event_contract (event_name, event_version, tmf_api, tmf_resource, source_table, event_type, event_key_strategy, payload_basis, consumer_notes) VALUES ('usage_revenue_settlement.shopping_cart_risk_assessment.stateChanged', 'v1', 'TMF696', 'shoppingCartRiskAssessment', 'usage_revenue_settlement.usage_ingestion_batch', 'stateChanged', 'tenant_id + canonical_id + version', 'typed columns + tmf_payload snapshot', 'Register concrete consumers during integration design') ON CONFLICT (event_name, event_version) DO UPDATE SET source_table = EXCLUDED.source_table, payload_basis = EXCLUDED.payload_basis, updated_at = now();
INSERT INTO usage_revenue_settlement.event_contract (event_name, event_version, tmf_api, tmf_resource, source_table, event_type, event_key_strategy, payload_basis, consumer_notes) VALUES ('usage_revenue_settlement.shopping_cart_risk_assessment.deleted', 'v1', 'TMF696', 'shoppingCartRiskAssessment', 'usage_revenue_settlement.usage_ingestion_batch', 'deleted', 'tenant_id + canonical_id + version', 'typed columns + tmf_payload snapshot', 'Register concrete consumers during integration design') ON CONFLICT (event_name, event_version) DO UPDATE SET source_table = EXCLUDED.source_table, payload_basis = EXCLUDED.payload_basis, updated_at = now();
INSERT INTO usage_revenue_settlement.tmf_api_resource_map (tmf_api, tmf_resource, resource_path, anchor_table, field_strategy, local_spec_path, promoted_fields) VALUES ('TMF678', 'appliedCustomerBillingRate', '/appliedCustomerBillingRate', 'usage_ingestion_batch', 'Promote common TMF metadata; store resource-specific fields in tmf_payload until query patterns justify additional typed columns.', 'references/tmforum-open-apis/openapi-specs/TMF678_CustomerBill/TMF678-CustomerBill-v5.0.0.oas.yaml', '[]'::jsonb) ON CONFLICT (tmf_api, tmf_resource, anchor_table) DO UPDATE SET field_strategy = EXCLUDED.field_strategy, local_spec_path = EXCLUDED.local_spec_path, promoted_fields = EXCLUDED.promoted_fields, updated_at = now();
INSERT INTO usage_revenue_settlement.event_contract (event_name, event_version, tmf_api, tmf_resource, source_table, event_type, event_key_strategy, payload_basis, consumer_notes) VALUES ('usage_revenue_settlement.applied_customer_billing_rate.created', 'v1', 'TMF678', 'appliedCustomerBillingRate', 'usage_revenue_settlement.usage_ingestion_batch', 'created', 'tenant_id + canonical_id + version', 'typed columns + tmf_payload snapshot', 'Register concrete consumers during integration design') ON CONFLICT (event_name, event_version) DO UPDATE SET source_table = EXCLUDED.source_table, payload_basis = EXCLUDED.payload_basis, updated_at = now();
INSERT INTO usage_revenue_settlement.event_contract (event_name, event_version, tmf_api, tmf_resource, source_table, event_type, event_key_strategy, payload_basis, consumer_notes) VALUES ('usage_revenue_settlement.applied_customer_billing_rate.updated', 'v1', 'TMF678', 'appliedCustomerBillingRate', 'usage_revenue_settlement.usage_ingestion_batch', 'updated', 'tenant_id + canonical_id + version', 'typed columns + tmf_payload snapshot', 'Register concrete consumers during integration design') ON CONFLICT (event_name, event_version) DO UPDATE SET source_table = EXCLUDED.source_table, payload_basis = EXCLUDED.payload_basis, updated_at = now();
INSERT INTO usage_revenue_settlement.event_contract (event_name, event_version, tmf_api, tmf_resource, source_table, event_type, event_key_strategy, payload_basis, consumer_notes) VALUES ('usage_revenue_settlement.applied_customer_billing_rate.stateChanged', 'v1', 'TMF678', 'appliedCustomerBillingRate', 'usage_revenue_settlement.usage_ingestion_batch', 'stateChanged', 'tenant_id + canonical_id + version', 'typed columns + tmf_payload snapshot', 'Register concrete consumers during integration design') ON CONFLICT (event_name, event_version) DO UPDATE SET source_table = EXCLUDED.source_table, payload_basis = EXCLUDED.payload_basis, updated_at = now();
INSERT INTO usage_revenue_settlement.event_contract (event_name, event_version, tmf_api, tmf_resource, source_table, event_type, event_key_strategy, payload_basis, consumer_notes) VALUES ('usage_revenue_settlement.applied_customer_billing_rate.deleted', 'v1', 'TMF678', 'appliedCustomerBillingRate', 'usage_revenue_settlement.usage_ingestion_batch', 'deleted', 'tenant_id + canonical_id + version', 'typed columns + tmf_payload snapshot', 'Register concrete consumers during integration design') ON CONFLICT (event_name, event_version) DO UPDATE SET source_table = EXCLUDED.source_table, payload_basis = EXCLUDED.payload_basis, updated_at = now();
INSERT INTO usage_revenue_settlement.tmf_api_resource_map (tmf_api, tmf_resource, resource_path, anchor_table, field_strategy, local_spec_path, promoted_fields) VALUES ('TMF678', 'billCycle', '/billCycle', 'usage_ingestion_batch', 'Promote common TMF metadata; store resource-specific fields in tmf_payload until query patterns justify additional typed columns.', 'references/tmforum-open-apis/openapi-specs/TMF678_CustomerBill/TMF678-CustomerBill-v5.0.0.oas.yaml', '[]'::jsonb) ON CONFLICT (tmf_api, tmf_resource, anchor_table) DO UPDATE SET field_strategy = EXCLUDED.field_strategy, local_spec_path = EXCLUDED.local_spec_path, promoted_fields = EXCLUDED.promoted_fields, updated_at = now();
INSERT INTO usage_revenue_settlement.event_contract (event_name, event_version, tmf_api, tmf_resource, source_table, event_type, event_key_strategy, payload_basis, consumer_notes) VALUES ('usage_revenue_settlement.bill_cycle.created', 'v1', 'TMF678', 'billCycle', 'usage_revenue_settlement.usage_ingestion_batch', 'created', 'tenant_id + canonical_id + version', 'typed columns + tmf_payload snapshot', 'Register concrete consumers during integration design') ON CONFLICT (event_name, event_version) DO UPDATE SET source_table = EXCLUDED.source_table, payload_basis = EXCLUDED.payload_basis, updated_at = now();
INSERT INTO usage_revenue_settlement.event_contract (event_name, event_version, tmf_api, tmf_resource, source_table, event_type, event_key_strategy, payload_basis, consumer_notes) VALUES ('usage_revenue_settlement.bill_cycle.updated', 'v1', 'TMF678', 'billCycle', 'usage_revenue_settlement.usage_ingestion_batch', 'updated', 'tenant_id + canonical_id + version', 'typed columns + tmf_payload snapshot', 'Register concrete consumers during integration design') ON CONFLICT (event_name, event_version) DO UPDATE SET source_table = EXCLUDED.source_table, payload_basis = EXCLUDED.payload_basis, updated_at = now();
INSERT INTO usage_revenue_settlement.event_contract (event_name, event_version, tmf_api, tmf_resource, source_table, event_type, event_key_strategy, payload_basis, consumer_notes) VALUES ('usage_revenue_settlement.bill_cycle.stateChanged', 'v1', 'TMF678', 'billCycle', 'usage_revenue_settlement.usage_ingestion_batch', 'stateChanged', 'tenant_id + canonical_id + version', 'typed columns + tmf_payload snapshot', 'Register concrete consumers during integration design') ON CONFLICT (event_name, event_version) DO UPDATE SET source_table = EXCLUDED.source_table, payload_basis = EXCLUDED.payload_basis, updated_at = now();
INSERT INTO usage_revenue_settlement.event_contract (event_name, event_version, tmf_api, tmf_resource, source_table, event_type, event_key_strategy, payload_basis, consumer_notes) VALUES ('usage_revenue_settlement.bill_cycle.deleted', 'v1', 'TMF678', 'billCycle', 'usage_revenue_settlement.usage_ingestion_batch', 'deleted', 'tenant_id + canonical_id + version', 'typed columns + tmf_payload snapshot', 'Register concrete consumers during integration design') ON CONFLICT (event_name, event_version) DO UPDATE SET source_table = EXCLUDED.source_table, payload_basis = EXCLUDED.payload_basis, updated_at = now();
INSERT INTO usage_revenue_settlement.tmf_api_resource_map (tmf_api, tmf_resource, resource_path, anchor_table, field_strategy, local_spec_path, promoted_fields) VALUES ('TMF678', 'customerBill', '/customerBill', 'usage_ingestion_batch', 'Promote common TMF metadata; store resource-specific fields in tmf_payload until query patterns justify additional typed columns.', 'references/tmforum-open-apis/openapi-specs/TMF678_CustomerBill/TMF678-CustomerBill-v5.0.0.oas.yaml', '[]'::jsonb) ON CONFLICT (tmf_api, tmf_resource, anchor_table) DO UPDATE SET field_strategy = EXCLUDED.field_strategy, local_spec_path = EXCLUDED.local_spec_path, promoted_fields = EXCLUDED.promoted_fields, updated_at = now();
INSERT INTO usage_revenue_settlement.event_contract (event_name, event_version, tmf_api, tmf_resource, source_table, event_type, event_key_strategy, payload_basis, consumer_notes) VALUES ('usage_revenue_settlement.customer_bill.created', 'v1', 'TMF678', 'customerBill', 'usage_revenue_settlement.usage_ingestion_batch', 'created', 'tenant_id + canonical_id + version', 'typed columns + tmf_payload snapshot', 'Register concrete consumers during integration design') ON CONFLICT (event_name, event_version) DO UPDATE SET source_table = EXCLUDED.source_table, payload_basis = EXCLUDED.payload_basis, updated_at = now();
INSERT INTO usage_revenue_settlement.event_contract (event_name, event_version, tmf_api, tmf_resource, source_table, event_type, event_key_strategy, payload_basis, consumer_notes) VALUES ('usage_revenue_settlement.customer_bill.updated', 'v1', 'TMF678', 'customerBill', 'usage_revenue_settlement.usage_ingestion_batch', 'updated', 'tenant_id + canonical_id + version', 'typed columns + tmf_payload snapshot', 'Register concrete consumers during integration design') ON CONFLICT (event_name, event_version) DO UPDATE SET source_table = EXCLUDED.source_table, payload_basis = EXCLUDED.payload_basis, updated_at = now();
INSERT INTO usage_revenue_settlement.event_contract (event_name, event_version, tmf_api, tmf_resource, source_table, event_type, event_key_strategy, payload_basis, consumer_notes) VALUES ('usage_revenue_settlement.customer_bill.stateChanged', 'v1', 'TMF678', 'customerBill', 'usage_revenue_settlement.usage_ingestion_batch', 'stateChanged', 'tenant_id + canonical_id + version', 'typed columns + tmf_payload snapshot', 'Register concrete consumers during integration design') ON CONFLICT (event_name, event_version) DO UPDATE SET source_table = EXCLUDED.source_table, payload_basis = EXCLUDED.payload_basis, updated_at = now();
INSERT INTO usage_revenue_settlement.event_contract (event_name, event_version, tmf_api, tmf_resource, source_table, event_type, event_key_strategy, payload_basis, consumer_notes) VALUES ('usage_revenue_settlement.customer_bill.deleted', 'v1', 'TMF678', 'customerBill', 'usage_revenue_settlement.usage_ingestion_batch', 'deleted', 'tenant_id + canonical_id + version', 'typed columns + tmf_payload snapshot', 'Register concrete consumers during integration design') ON CONFLICT (event_name, event_version) DO UPDATE SET source_table = EXCLUDED.source_table, payload_basis = EXCLUDED.payload_basis, updated_at = now();
INSERT INTO usage_revenue_settlement.tmf_api_resource_map (tmf_api, tmf_resource, resource_path, anchor_table, field_strategy, local_spec_path, promoted_fields) VALUES ('TMF678', 'customerBillOnDemand', '/customerBillOnDemand', 'usage_ingestion_batch', 'Promote common TMF metadata; store resource-specific fields in tmf_payload until query patterns justify additional typed columns.', 'references/tmforum-open-apis/openapi-specs/TMF678_CustomerBill/TMF678-CustomerBill-v5.0.0.oas.yaml', '[]'::jsonb) ON CONFLICT (tmf_api, tmf_resource, anchor_table) DO UPDATE SET field_strategy = EXCLUDED.field_strategy, local_spec_path = EXCLUDED.local_spec_path, promoted_fields = EXCLUDED.promoted_fields, updated_at = now();
INSERT INTO usage_revenue_settlement.event_contract (event_name, event_version, tmf_api, tmf_resource, source_table, event_type, event_key_strategy, payload_basis, consumer_notes) VALUES ('usage_revenue_settlement.customer_bill_on_demand.created', 'v1', 'TMF678', 'customerBillOnDemand', 'usage_revenue_settlement.usage_ingestion_batch', 'created', 'tenant_id + canonical_id + version', 'typed columns + tmf_payload snapshot', 'Register concrete consumers during integration design') ON CONFLICT (event_name, event_version) DO UPDATE SET source_table = EXCLUDED.source_table, payload_basis = EXCLUDED.payload_basis, updated_at = now();
INSERT INTO usage_revenue_settlement.event_contract (event_name, event_version, tmf_api, tmf_resource, source_table, event_type, event_key_strategy, payload_basis, consumer_notes) VALUES ('usage_revenue_settlement.customer_bill_on_demand.updated', 'v1', 'TMF678', 'customerBillOnDemand', 'usage_revenue_settlement.usage_ingestion_batch', 'updated', 'tenant_id + canonical_id + version', 'typed columns + tmf_payload snapshot', 'Register concrete consumers during integration design') ON CONFLICT (event_name, event_version) DO UPDATE SET source_table = EXCLUDED.source_table, payload_basis = EXCLUDED.payload_basis, updated_at = now();
INSERT INTO usage_revenue_settlement.event_contract (event_name, event_version, tmf_api, tmf_resource, source_table, event_type, event_key_strategy, payload_basis, consumer_notes) VALUES ('usage_revenue_settlement.customer_bill_on_demand.stateChanged', 'v1', 'TMF678', 'customerBillOnDemand', 'usage_revenue_settlement.usage_ingestion_batch', 'stateChanged', 'tenant_id + canonical_id + version', 'typed columns + tmf_payload snapshot', 'Register concrete consumers during integration design') ON CONFLICT (event_name, event_version) DO UPDATE SET source_table = EXCLUDED.source_table, payload_basis = EXCLUDED.payload_basis, updated_at = now();
INSERT INTO usage_revenue_settlement.event_contract (event_name, event_version, tmf_api, tmf_resource, source_table, event_type, event_key_strategy, payload_basis, consumer_notes) VALUES ('usage_revenue_settlement.customer_bill_on_demand.deleted', 'v1', 'TMF678', 'customerBillOnDemand', 'usage_revenue_settlement.usage_ingestion_batch', 'deleted', 'tenant_id + canonical_id + version', 'typed columns + tmf_payload snapshot', 'Register concrete consumers during integration design') ON CONFLICT (event_name, event_version) DO UPDATE SET source_table = EXCLUDED.source_table, payload_basis = EXCLUDED.payload_basis, updated_at = now();
INSERT INTO usage_revenue_settlement.tmf_api_resource_map (tmf_api, tmf_resource, resource_path, anchor_table, field_strategy, local_spec_path, promoted_fields) VALUES ('TMF736', 'partyRevSharingAlgorithm', '/partyRevSharingAlgorithm', 'revenue_sharing_model', 'Promote common TMF metadata; store resource-specific fields in tmf_payload until query patterns justify additional typed columns.', 'references/tmforum-open-apis/openapi-specs/TMF736_RevenueSharingAlgorithmManagement/TMF736-Revenue_Sharing_Algorithm_Management-v5.0.0.oas.yaml', '[]'::jsonb) ON CONFLICT (tmf_api, tmf_resource, anchor_table) DO UPDATE SET field_strategy = EXCLUDED.field_strategy, local_spec_path = EXCLUDED.local_spec_path, promoted_fields = EXCLUDED.promoted_fields, updated_at = now();
INSERT INTO usage_revenue_settlement.event_contract (event_name, event_version, tmf_api, tmf_resource, source_table, event_type, event_key_strategy, payload_basis, consumer_notes) VALUES ('usage_revenue_settlement.party_rev_sharing_algorithm.created', 'v1', 'TMF736', 'partyRevSharingAlgorithm', 'usage_revenue_settlement.revenue_sharing_model', 'created', 'tenant_id + canonical_id + version', 'typed columns + tmf_payload snapshot', 'Register concrete consumers during integration design') ON CONFLICT (event_name, event_version) DO UPDATE SET source_table = EXCLUDED.source_table, payload_basis = EXCLUDED.payload_basis, updated_at = now();
INSERT INTO usage_revenue_settlement.event_contract (event_name, event_version, tmf_api, tmf_resource, source_table, event_type, event_key_strategy, payload_basis, consumer_notes) VALUES ('usage_revenue_settlement.party_rev_sharing_algorithm.updated', 'v1', 'TMF736', 'partyRevSharingAlgorithm', 'usage_revenue_settlement.revenue_sharing_model', 'updated', 'tenant_id + canonical_id + version', 'typed columns + tmf_payload snapshot', 'Register concrete consumers during integration design') ON CONFLICT (event_name, event_version) DO UPDATE SET source_table = EXCLUDED.source_table, payload_basis = EXCLUDED.payload_basis, updated_at = now();
INSERT INTO usage_revenue_settlement.event_contract (event_name, event_version, tmf_api, tmf_resource, source_table, event_type, event_key_strategy, payload_basis, consumer_notes) VALUES ('usage_revenue_settlement.party_rev_sharing_algorithm.stateChanged', 'v1', 'TMF736', 'partyRevSharingAlgorithm', 'usage_revenue_settlement.revenue_sharing_model', 'stateChanged', 'tenant_id + canonical_id + version', 'typed columns + tmf_payload snapshot', 'Register concrete consumers during integration design') ON CONFLICT (event_name, event_version) DO UPDATE SET source_table = EXCLUDED.source_table, payload_basis = EXCLUDED.payload_basis, updated_at = now();
INSERT INTO usage_revenue_settlement.event_contract (event_name, event_version, tmf_api, tmf_resource, source_table, event_type, event_key_strategy, payload_basis, consumer_notes) VALUES ('usage_revenue_settlement.party_rev_sharing_algorithm.deleted', 'v1', 'TMF736', 'partyRevSharingAlgorithm', 'usage_revenue_settlement.revenue_sharing_model', 'deleted', 'tenant_id + canonical_id + version', 'typed columns + tmf_payload snapshot', 'Register concrete consumers during integration design') ON CONFLICT (event_name, event_version) DO UPDATE SET source_table = EXCLUDED.source_table, payload_basis = EXCLUDED.payload_basis, updated_at = now();
INSERT INTO usage_revenue_settlement.tmf_api_resource_map (tmf_api, tmf_resource, resource_path, anchor_table, field_strategy, local_spec_path, promoted_fields) VALUES ('TMF737', 'partyRevSharingReport', '/partyRevSharingReport', 'revenue_sharing_report', 'Promote common TMF metadata; store resource-specific fields in tmf_payload until query patterns justify additional typed columns.', 'references/tmforum-open-apis/openapi-specs/TMF737_RevenueSharingReportManagement/TMF737-Revenue_Sharing_Report_Management-v5.0.0.oas.yaml', '[]'::jsonb) ON CONFLICT (tmf_api, tmf_resource, anchor_table) DO UPDATE SET field_strategy = EXCLUDED.field_strategy, local_spec_path = EXCLUDED.local_spec_path, promoted_fields = EXCLUDED.promoted_fields, updated_at = now();
INSERT INTO usage_revenue_settlement.event_contract (event_name, event_version, tmf_api, tmf_resource, source_table, event_type, event_key_strategy, payload_basis, consumer_notes) VALUES ('usage_revenue_settlement.party_rev_sharing_report.created', 'v1', 'TMF737', 'partyRevSharingReport', 'usage_revenue_settlement.revenue_sharing_report', 'created', 'tenant_id + canonical_id + version', 'typed columns + tmf_payload snapshot', 'Register concrete consumers during integration design') ON CONFLICT (event_name, event_version) DO UPDATE SET source_table = EXCLUDED.source_table, payload_basis = EXCLUDED.payload_basis, updated_at = now();
INSERT INTO usage_revenue_settlement.event_contract (event_name, event_version, tmf_api, tmf_resource, source_table, event_type, event_key_strategy, payload_basis, consumer_notes) VALUES ('usage_revenue_settlement.party_rev_sharing_report.updated', 'v1', 'TMF737', 'partyRevSharingReport', 'usage_revenue_settlement.revenue_sharing_report', 'updated', 'tenant_id + canonical_id + version', 'typed columns + tmf_payload snapshot', 'Register concrete consumers during integration design') ON CONFLICT (event_name, event_version) DO UPDATE SET source_table = EXCLUDED.source_table, payload_basis = EXCLUDED.payload_basis, updated_at = now();
INSERT INTO usage_revenue_settlement.event_contract (event_name, event_version, tmf_api, tmf_resource, source_table, event_type, event_key_strategy, payload_basis, consumer_notes) VALUES ('usage_revenue_settlement.party_rev_sharing_report.stateChanged', 'v1', 'TMF737', 'partyRevSharingReport', 'usage_revenue_settlement.revenue_sharing_report', 'stateChanged', 'tenant_id + canonical_id + version', 'typed columns + tmf_payload snapshot', 'Register concrete consumers during integration design') ON CONFLICT (event_name, event_version) DO UPDATE SET source_table = EXCLUDED.source_table, payload_basis = EXCLUDED.payload_basis, updated_at = now();
INSERT INTO usage_revenue_settlement.event_contract (event_name, event_version, tmf_api, tmf_resource, source_table, event_type, event_key_strategy, payload_basis, consumer_notes) VALUES ('usage_revenue_settlement.party_rev_sharing_report.deleted', 'v1', 'TMF737', 'partyRevSharingReport', 'usage_revenue_settlement.revenue_sharing_report', 'deleted', 'tenant_id + canonical_id + version', 'typed columns + tmf_payload snapshot', 'Register concrete consumers during integration design') ON CONFLICT (event_name, event_version) DO UPDATE SET source_table = EXCLUDED.source_table, payload_basis = EXCLUDED.payload_basis, updated_at = now();
INSERT INTO usage_revenue_settlement.tmf_api_resource_map (tmf_api, tmf_resource, resource_path, anchor_table, field_strategy, local_spec_path, promoted_fields) VALUES ('TMF738', 'partyRevSharingModel', '/partyRevSharingModel', 'revenue_sharing_model', 'Promote common TMF metadata; store resource-specific fields in tmf_payload until query patterns justify additional typed columns.', 'references/tmforum-open-apis/openapi-specs/TMF738_RevenueSharingModelManagement/TMF738-Revenue_Sharing_Model_Management-v5.0.0.oas.yaml', '[]'::jsonb) ON CONFLICT (tmf_api, tmf_resource, anchor_table) DO UPDATE SET field_strategy = EXCLUDED.field_strategy, local_spec_path = EXCLUDED.local_spec_path, promoted_fields = EXCLUDED.promoted_fields, updated_at = now();
INSERT INTO usage_revenue_settlement.event_contract (event_name, event_version, tmf_api, tmf_resource, source_table, event_type, event_key_strategy, payload_basis, consumer_notes) VALUES ('usage_revenue_settlement.party_rev_sharing_model.created', 'v1', 'TMF738', 'partyRevSharingModel', 'usage_revenue_settlement.revenue_sharing_model', 'created', 'tenant_id + canonical_id + version', 'typed columns + tmf_payload snapshot', 'Register concrete consumers during integration design') ON CONFLICT (event_name, event_version) DO UPDATE SET source_table = EXCLUDED.source_table, payload_basis = EXCLUDED.payload_basis, updated_at = now();
INSERT INTO usage_revenue_settlement.event_contract (event_name, event_version, tmf_api, tmf_resource, source_table, event_type, event_key_strategy, payload_basis, consumer_notes) VALUES ('usage_revenue_settlement.party_rev_sharing_model.updated', 'v1', 'TMF738', 'partyRevSharingModel', 'usage_revenue_settlement.revenue_sharing_model', 'updated', 'tenant_id + canonical_id + version', 'typed columns + tmf_payload snapshot', 'Register concrete consumers during integration design') ON CONFLICT (event_name, event_version) DO UPDATE SET source_table = EXCLUDED.source_table, payload_basis = EXCLUDED.payload_basis, updated_at = now();
INSERT INTO usage_revenue_settlement.event_contract (event_name, event_version, tmf_api, tmf_resource, source_table, event_type, event_key_strategy, payload_basis, consumer_notes) VALUES ('usage_revenue_settlement.party_rev_sharing_model.stateChanged', 'v1', 'TMF738', 'partyRevSharingModel', 'usage_revenue_settlement.revenue_sharing_model', 'stateChanged', 'tenant_id + canonical_id + version', 'typed columns + tmf_payload snapshot', 'Register concrete consumers during integration design') ON CONFLICT (event_name, event_version) DO UPDATE SET source_table = EXCLUDED.source_table, payload_basis = EXCLUDED.payload_basis, updated_at = now();
INSERT INTO usage_revenue_settlement.event_contract (event_name, event_version, tmf_api, tmf_resource, source_table, event_type, event_key_strategy, payload_basis, consumer_notes) VALUES ('usage_revenue_settlement.party_rev_sharing_model.deleted', 'v1', 'TMF738', 'partyRevSharingModel', 'usage_revenue_settlement.revenue_sharing_model', 'deleted', 'tenant_id + canonical_id + version', 'typed columns + tmf_payload snapshot', 'Register concrete consumers during integration design') ON CONFLICT (event_name, event_version) DO UPDATE SET source_table = EXCLUDED.source_table, payload_basis = EXCLUDED.payload_basis, updated_at = now();
INSERT INTO usage_revenue_settlement.tmf_api_resource_map (tmf_api, tmf_resource, resource_path, anchor_table, field_strategy, local_spec_path, promoted_fields) VALUES ('TMF620', 'category', '/category', 'usage_ingestion_batch', 'Promote common TMF metadata; store resource-specific fields in tmf_payload until query patterns justify additional typed columns.', 'references/tmforum-open-apis/openapi-specs/TMF620_ProductCatalog/TMF620-Product_Catalog_Management-v5.0.0.oas.yaml', '[]'::jsonb) ON CONFLICT (tmf_api, tmf_resource, anchor_table) DO UPDATE SET field_strategy = EXCLUDED.field_strategy, local_spec_path = EXCLUDED.local_spec_path, promoted_fields = EXCLUDED.promoted_fields, updated_at = now();
INSERT INTO usage_revenue_settlement.event_contract (event_name, event_version, tmf_api, tmf_resource, source_table, event_type, event_key_strategy, payload_basis, consumer_notes) VALUES ('usage_revenue_settlement.category.created', 'v1', 'TMF620', 'category', 'usage_revenue_settlement.usage_ingestion_batch', 'created', 'tenant_id + canonical_id + version', 'typed columns + tmf_payload snapshot', 'Register concrete consumers during integration design') ON CONFLICT (event_name, event_version) DO UPDATE SET source_table = EXCLUDED.source_table, payload_basis = EXCLUDED.payload_basis, updated_at = now();
INSERT INTO usage_revenue_settlement.event_contract (event_name, event_version, tmf_api, tmf_resource, source_table, event_type, event_key_strategy, payload_basis, consumer_notes) VALUES ('usage_revenue_settlement.category.updated', 'v1', 'TMF620', 'category', 'usage_revenue_settlement.usage_ingestion_batch', 'updated', 'tenant_id + canonical_id + version', 'typed columns + tmf_payload snapshot', 'Register concrete consumers during integration design') ON CONFLICT (event_name, event_version) DO UPDATE SET source_table = EXCLUDED.source_table, payload_basis = EXCLUDED.payload_basis, updated_at = now();
INSERT INTO usage_revenue_settlement.event_contract (event_name, event_version, tmf_api, tmf_resource, source_table, event_type, event_key_strategy, payload_basis, consumer_notes) VALUES ('usage_revenue_settlement.category.stateChanged', 'v1', 'TMF620', 'category', 'usage_revenue_settlement.usage_ingestion_batch', 'stateChanged', 'tenant_id + canonical_id + version', 'typed columns + tmf_payload snapshot', 'Register concrete consumers during integration design') ON CONFLICT (event_name, event_version) DO UPDATE SET source_table = EXCLUDED.source_table, payload_basis = EXCLUDED.payload_basis, updated_at = now();
INSERT INTO usage_revenue_settlement.event_contract (event_name, event_version, tmf_api, tmf_resource, source_table, event_type, event_key_strategy, payload_basis, consumer_notes) VALUES ('usage_revenue_settlement.category.deleted', 'v1', 'TMF620', 'category', 'usage_revenue_settlement.usage_ingestion_batch', 'deleted', 'tenant_id + canonical_id + version', 'typed columns + tmf_payload snapshot', 'Register concrete consumers during integration design') ON CONFLICT (event_name, event_version) DO UPDATE SET source_table = EXCLUDED.source_table, payload_basis = EXCLUDED.payload_basis, updated_at = now();
INSERT INTO usage_revenue_settlement.tmf_api_resource_map (tmf_api, tmf_resource, resource_path, anchor_table, field_strategy, local_spec_path, promoted_fields) VALUES ('TMF620', 'exportJob', '/exportJob', 'usage_ingestion_batch', 'Promote common TMF metadata; store resource-specific fields in tmf_payload until query patterns justify additional typed columns.', 'references/tmforum-open-apis/openapi-specs/TMF620_ProductCatalog/TMF620-Product_Catalog_Management-v5.0.0.oas.yaml', '[]'::jsonb) ON CONFLICT (tmf_api, tmf_resource, anchor_table) DO UPDATE SET field_strategy = EXCLUDED.field_strategy, local_spec_path = EXCLUDED.local_spec_path, promoted_fields = EXCLUDED.promoted_fields, updated_at = now();
INSERT INTO usage_revenue_settlement.event_contract (event_name, event_version, tmf_api, tmf_resource, source_table, event_type, event_key_strategy, payload_basis, consumer_notes) VALUES ('usage_revenue_settlement.export_job.created', 'v1', 'TMF620', 'exportJob', 'usage_revenue_settlement.usage_ingestion_batch', 'created', 'tenant_id + canonical_id + version', 'typed columns + tmf_payload snapshot', 'Register concrete consumers during integration design') ON CONFLICT (event_name, event_version) DO UPDATE SET source_table = EXCLUDED.source_table, payload_basis = EXCLUDED.payload_basis, updated_at = now();
INSERT INTO usage_revenue_settlement.event_contract (event_name, event_version, tmf_api, tmf_resource, source_table, event_type, event_key_strategy, payload_basis, consumer_notes) VALUES ('usage_revenue_settlement.export_job.updated', 'v1', 'TMF620', 'exportJob', 'usage_revenue_settlement.usage_ingestion_batch', 'updated', 'tenant_id + canonical_id + version', 'typed columns + tmf_payload snapshot', 'Register concrete consumers during integration design') ON CONFLICT (event_name, event_version) DO UPDATE SET source_table = EXCLUDED.source_table, payload_basis = EXCLUDED.payload_basis, updated_at = now();
INSERT INTO usage_revenue_settlement.event_contract (event_name, event_version, tmf_api, tmf_resource, source_table, event_type, event_key_strategy, payload_basis, consumer_notes) VALUES ('usage_revenue_settlement.export_job.stateChanged', 'v1', 'TMF620', 'exportJob', 'usage_revenue_settlement.usage_ingestion_batch', 'stateChanged', 'tenant_id + canonical_id + version', 'typed columns + tmf_payload snapshot', 'Register concrete consumers during integration design') ON CONFLICT (event_name, event_version) DO UPDATE SET source_table = EXCLUDED.source_table, payload_basis = EXCLUDED.payload_basis, updated_at = now();
INSERT INTO usage_revenue_settlement.event_contract (event_name, event_version, tmf_api, tmf_resource, source_table, event_type, event_key_strategy, payload_basis, consumer_notes) VALUES ('usage_revenue_settlement.export_job.deleted', 'v1', 'TMF620', 'exportJob', 'usage_revenue_settlement.usage_ingestion_batch', 'deleted', 'tenant_id + canonical_id + version', 'typed columns + tmf_payload snapshot', 'Register concrete consumers during integration design') ON CONFLICT (event_name, event_version) DO UPDATE SET source_table = EXCLUDED.source_table, payload_basis = EXCLUDED.payload_basis, updated_at = now();
INSERT INTO usage_revenue_settlement.tmf_api_resource_map (tmf_api, tmf_resource, resource_path, anchor_table, field_strategy, local_spec_path, promoted_fields) VALUES ('TMF620', 'importJob', '/importJob', 'usage_ingestion_batch', 'Promote common TMF metadata; store resource-specific fields in tmf_payload until query patterns justify additional typed columns.', 'references/tmforum-open-apis/openapi-specs/TMF620_ProductCatalog/TMF620-Product_Catalog_Management-v5.0.0.oas.yaml', '[]'::jsonb) ON CONFLICT (tmf_api, tmf_resource, anchor_table) DO UPDATE SET field_strategy = EXCLUDED.field_strategy, local_spec_path = EXCLUDED.local_spec_path, promoted_fields = EXCLUDED.promoted_fields, updated_at = now();
INSERT INTO usage_revenue_settlement.event_contract (event_name, event_version, tmf_api, tmf_resource, source_table, event_type, event_key_strategy, payload_basis, consumer_notes) VALUES ('usage_revenue_settlement.import_job.created', 'v1', 'TMF620', 'importJob', 'usage_revenue_settlement.usage_ingestion_batch', 'created', 'tenant_id + canonical_id + version', 'typed columns + tmf_payload snapshot', 'Register concrete consumers during integration design') ON CONFLICT (event_name, event_version) DO UPDATE SET source_table = EXCLUDED.source_table, payload_basis = EXCLUDED.payload_basis, updated_at = now();
INSERT INTO usage_revenue_settlement.event_contract (event_name, event_version, tmf_api, tmf_resource, source_table, event_type, event_key_strategy, payload_basis, consumer_notes) VALUES ('usage_revenue_settlement.import_job.updated', 'v1', 'TMF620', 'importJob', 'usage_revenue_settlement.usage_ingestion_batch', 'updated', 'tenant_id + canonical_id + version', 'typed columns + tmf_payload snapshot', 'Register concrete consumers during integration design') ON CONFLICT (event_name, event_version) DO UPDATE SET source_table = EXCLUDED.source_table, payload_basis = EXCLUDED.payload_basis, updated_at = now();
INSERT INTO usage_revenue_settlement.event_contract (event_name, event_version, tmf_api, tmf_resource, source_table, event_type, event_key_strategy, payload_basis, consumer_notes) VALUES ('usage_revenue_settlement.import_job.stateChanged', 'v1', 'TMF620', 'importJob', 'usage_revenue_settlement.usage_ingestion_batch', 'stateChanged', 'tenant_id + canonical_id + version', 'typed columns + tmf_payload snapshot', 'Register concrete consumers during integration design') ON CONFLICT (event_name, event_version) DO UPDATE SET source_table = EXCLUDED.source_table, payload_basis = EXCLUDED.payload_basis, updated_at = now();
INSERT INTO usage_revenue_settlement.event_contract (event_name, event_version, tmf_api, tmf_resource, source_table, event_type, event_key_strategy, payload_basis, consumer_notes) VALUES ('usage_revenue_settlement.import_job.deleted', 'v1', 'TMF620', 'importJob', 'usage_revenue_settlement.usage_ingestion_batch', 'deleted', 'tenant_id + canonical_id + version', 'typed columns + tmf_payload snapshot', 'Register concrete consumers during integration design') ON CONFLICT (event_name, event_version) DO UPDATE SET source_table = EXCLUDED.source_table, payload_basis = EXCLUDED.payload_basis, updated_at = now();
INSERT INTO usage_revenue_settlement.tmf_api_resource_map (tmf_api, tmf_resource, resource_path, anchor_table, field_strategy, local_spec_path, promoted_fields) VALUES ('TMF620', 'productCatalog', '/productCatalog', 'usage_ingestion_batch', 'Promote common TMF metadata; store resource-specific fields in tmf_payload until query patterns justify additional typed columns.', 'references/tmforum-open-apis/openapi-specs/TMF620_ProductCatalog/TMF620-Product_Catalog_Management-v5.0.0.oas.yaml', '[]'::jsonb) ON CONFLICT (tmf_api, tmf_resource, anchor_table) DO UPDATE SET field_strategy = EXCLUDED.field_strategy, local_spec_path = EXCLUDED.local_spec_path, promoted_fields = EXCLUDED.promoted_fields, updated_at = now();
INSERT INTO usage_revenue_settlement.event_contract (event_name, event_version, tmf_api, tmf_resource, source_table, event_type, event_key_strategy, payload_basis, consumer_notes) VALUES ('usage_revenue_settlement.product_catalog.created', 'v1', 'TMF620', 'productCatalog', 'usage_revenue_settlement.usage_ingestion_batch', 'created', 'tenant_id + canonical_id + version', 'typed columns + tmf_payload snapshot', 'Register concrete consumers during integration design') ON CONFLICT (event_name, event_version) DO UPDATE SET source_table = EXCLUDED.source_table, payload_basis = EXCLUDED.payload_basis, updated_at = now();
INSERT INTO usage_revenue_settlement.event_contract (event_name, event_version, tmf_api, tmf_resource, source_table, event_type, event_key_strategy, payload_basis, consumer_notes) VALUES ('usage_revenue_settlement.product_catalog.updated', 'v1', 'TMF620', 'productCatalog', 'usage_revenue_settlement.usage_ingestion_batch', 'updated', 'tenant_id + canonical_id + version', 'typed columns + tmf_payload snapshot', 'Register concrete consumers during integration design') ON CONFLICT (event_name, event_version) DO UPDATE SET source_table = EXCLUDED.source_table, payload_basis = EXCLUDED.payload_basis, updated_at = now();
INSERT INTO usage_revenue_settlement.event_contract (event_name, event_version, tmf_api, tmf_resource, source_table, event_type, event_key_strategy, payload_basis, consumer_notes) VALUES ('usage_revenue_settlement.product_catalog.stateChanged', 'v1', 'TMF620', 'productCatalog', 'usage_revenue_settlement.usage_ingestion_batch', 'stateChanged', 'tenant_id + canonical_id + version', 'typed columns + tmf_payload snapshot', 'Register concrete consumers during integration design') ON CONFLICT (event_name, event_version) DO UPDATE SET source_table = EXCLUDED.source_table, payload_basis = EXCLUDED.payload_basis, updated_at = now();
INSERT INTO usage_revenue_settlement.event_contract (event_name, event_version, tmf_api, tmf_resource, source_table, event_type, event_key_strategy, payload_basis, consumer_notes) VALUES ('usage_revenue_settlement.product_catalog.deleted', 'v1', 'TMF620', 'productCatalog', 'usage_revenue_settlement.usage_ingestion_batch', 'deleted', 'tenant_id + canonical_id + version', 'typed columns + tmf_payload snapshot', 'Register concrete consumers during integration design') ON CONFLICT (event_name, event_version) DO UPDATE SET source_table = EXCLUDED.source_table, payload_basis = EXCLUDED.payload_basis, updated_at = now();
INSERT INTO usage_revenue_settlement.tmf_api_resource_map (tmf_api, tmf_resource, resource_path, anchor_table, field_strategy, local_spec_path, promoted_fields) VALUES ('TMF620', 'productOffering', '/productOffering', 'usage_ingestion_batch', 'Promote common TMF metadata; store resource-specific fields in tmf_payload until query patterns justify additional typed columns.', 'references/tmforum-open-apis/openapi-specs/TMF620_ProductCatalog/TMF620-Product_Catalog_Management-v5.0.0.oas.yaml', '[]'::jsonb) ON CONFLICT (tmf_api, tmf_resource, anchor_table) DO UPDATE SET field_strategy = EXCLUDED.field_strategy, local_spec_path = EXCLUDED.local_spec_path, promoted_fields = EXCLUDED.promoted_fields, updated_at = now();
INSERT INTO usage_revenue_settlement.event_contract (event_name, event_version, tmf_api, tmf_resource, source_table, event_type, event_key_strategy, payload_basis, consumer_notes) VALUES ('usage_revenue_settlement.product_offering.created', 'v1', 'TMF620', 'productOffering', 'usage_revenue_settlement.usage_ingestion_batch', 'created', 'tenant_id + canonical_id + version', 'typed columns + tmf_payload snapshot', 'Register concrete consumers during integration design') ON CONFLICT (event_name, event_version) DO UPDATE SET source_table = EXCLUDED.source_table, payload_basis = EXCLUDED.payload_basis, updated_at = now();
INSERT INTO usage_revenue_settlement.event_contract (event_name, event_version, tmf_api, tmf_resource, source_table, event_type, event_key_strategy, payload_basis, consumer_notes) VALUES ('usage_revenue_settlement.product_offering.updated', 'v1', 'TMF620', 'productOffering', 'usage_revenue_settlement.usage_ingestion_batch', 'updated', 'tenant_id + canonical_id + version', 'typed columns + tmf_payload snapshot', 'Register concrete consumers during integration design') ON CONFLICT (event_name, event_version) DO UPDATE SET source_table = EXCLUDED.source_table, payload_basis = EXCLUDED.payload_basis, updated_at = now();
INSERT INTO usage_revenue_settlement.event_contract (event_name, event_version, tmf_api, tmf_resource, source_table, event_type, event_key_strategy, payload_basis, consumer_notes) VALUES ('usage_revenue_settlement.product_offering.stateChanged', 'v1', 'TMF620', 'productOffering', 'usage_revenue_settlement.usage_ingestion_batch', 'stateChanged', 'tenant_id + canonical_id + version', 'typed columns + tmf_payload snapshot', 'Register concrete consumers during integration design') ON CONFLICT (event_name, event_version) DO UPDATE SET source_table = EXCLUDED.source_table, payload_basis = EXCLUDED.payload_basis, updated_at = now();
INSERT INTO usage_revenue_settlement.event_contract (event_name, event_version, tmf_api, tmf_resource, source_table, event_type, event_key_strategy, payload_basis, consumer_notes) VALUES ('usage_revenue_settlement.product_offering.deleted', 'v1', 'TMF620', 'productOffering', 'usage_revenue_settlement.usage_ingestion_batch', 'deleted', 'tenant_id + canonical_id + version', 'typed columns + tmf_payload snapshot', 'Register concrete consumers during integration design') ON CONFLICT (event_name, event_version) DO UPDATE SET source_table = EXCLUDED.source_table, payload_basis = EXCLUDED.payload_basis, updated_at = now();
INSERT INTO usage_revenue_settlement.tmf_api_resource_map (tmf_api, tmf_resource, resource_path, anchor_table, field_strategy, local_spec_path, promoted_fields) VALUES ('TMF620', 'productOfferingPrice', '/productOfferingPrice', 'usage_ingestion_batch', 'Promote common TMF metadata; store resource-specific fields in tmf_payload until query patterns justify additional typed columns.', 'references/tmforum-open-apis/openapi-specs/TMF620_ProductCatalog/TMF620-Product_Catalog_Management-v5.0.0.oas.yaml', '[]'::jsonb) ON CONFLICT (tmf_api, tmf_resource, anchor_table) DO UPDATE SET field_strategy = EXCLUDED.field_strategy, local_spec_path = EXCLUDED.local_spec_path, promoted_fields = EXCLUDED.promoted_fields, updated_at = now();
INSERT INTO usage_revenue_settlement.event_contract (event_name, event_version, tmf_api, tmf_resource, source_table, event_type, event_key_strategy, payload_basis, consumer_notes) VALUES ('usage_revenue_settlement.product_offering_price.created', 'v1', 'TMF620', 'productOfferingPrice', 'usage_revenue_settlement.usage_ingestion_batch', 'created', 'tenant_id + canonical_id + version', 'typed columns + tmf_payload snapshot', 'Register concrete consumers during integration design') ON CONFLICT (event_name, event_version) DO UPDATE SET source_table = EXCLUDED.source_table, payload_basis = EXCLUDED.payload_basis, updated_at = now();
INSERT INTO usage_revenue_settlement.event_contract (event_name, event_version, tmf_api, tmf_resource, source_table, event_type, event_key_strategy, payload_basis, consumer_notes) VALUES ('usage_revenue_settlement.product_offering_price.updated', 'v1', 'TMF620', 'productOfferingPrice', 'usage_revenue_settlement.usage_ingestion_batch', 'updated', 'tenant_id + canonical_id + version', 'typed columns + tmf_payload snapshot', 'Register concrete consumers during integration design') ON CONFLICT (event_name, event_version) DO UPDATE SET source_table = EXCLUDED.source_table, payload_basis = EXCLUDED.payload_basis, updated_at = now();
INSERT INTO usage_revenue_settlement.event_contract (event_name, event_version, tmf_api, tmf_resource, source_table, event_type, event_key_strategy, payload_basis, consumer_notes) VALUES ('usage_revenue_settlement.product_offering_price.stateChanged', 'v1', 'TMF620', 'productOfferingPrice', 'usage_revenue_settlement.usage_ingestion_batch', 'stateChanged', 'tenant_id + canonical_id + version', 'typed columns + tmf_payload snapshot', 'Register concrete consumers during integration design') ON CONFLICT (event_name, event_version) DO UPDATE SET source_table = EXCLUDED.source_table, payload_basis = EXCLUDED.payload_basis, updated_at = now();
INSERT INTO usage_revenue_settlement.event_contract (event_name, event_version, tmf_api, tmf_resource, source_table, event_type, event_key_strategy, payload_basis, consumer_notes) VALUES ('usage_revenue_settlement.product_offering_price.deleted', 'v1', 'TMF620', 'productOfferingPrice', 'usage_revenue_settlement.usage_ingestion_batch', 'deleted', 'tenant_id + canonical_id + version', 'typed columns + tmf_payload snapshot', 'Register concrete consumers during integration design') ON CONFLICT (event_name, event_version) DO UPDATE SET source_table = EXCLUDED.source_table, payload_basis = EXCLUDED.payload_basis, updated_at = now();
INSERT INTO usage_revenue_settlement.tmf_api_resource_map (tmf_api, tmf_resource, resource_path, anchor_table, field_strategy, local_spec_path, promoted_fields) VALUES ('TMF620', 'productSpecification', '/productSpecification', 'usage_ingestion_batch', 'Promote common TMF metadata; store resource-specific fields in tmf_payload until query patterns justify additional typed columns.', 'references/tmforum-open-apis/openapi-specs/TMF620_ProductCatalog/TMF620-Product_Catalog_Management-v5.0.0.oas.yaml', '[]'::jsonb) ON CONFLICT (tmf_api, tmf_resource, anchor_table) DO UPDATE SET field_strategy = EXCLUDED.field_strategy, local_spec_path = EXCLUDED.local_spec_path, promoted_fields = EXCLUDED.promoted_fields, updated_at = now();
INSERT INTO usage_revenue_settlement.event_contract (event_name, event_version, tmf_api, tmf_resource, source_table, event_type, event_key_strategy, payload_basis, consumer_notes) VALUES ('usage_revenue_settlement.product_specification.created', 'v1', 'TMF620', 'productSpecification', 'usage_revenue_settlement.usage_ingestion_batch', 'created', 'tenant_id + canonical_id + version', 'typed columns + tmf_payload snapshot', 'Register concrete consumers during integration design') ON CONFLICT (event_name, event_version) DO UPDATE SET source_table = EXCLUDED.source_table, payload_basis = EXCLUDED.payload_basis, updated_at = now();
INSERT INTO usage_revenue_settlement.event_contract (event_name, event_version, tmf_api, tmf_resource, source_table, event_type, event_key_strategy, payload_basis, consumer_notes) VALUES ('usage_revenue_settlement.product_specification.updated', 'v1', 'TMF620', 'productSpecification', 'usage_revenue_settlement.usage_ingestion_batch', 'updated', 'tenant_id + canonical_id + version', 'typed columns + tmf_payload snapshot', 'Register concrete consumers during integration design') ON CONFLICT (event_name, event_version) DO UPDATE SET source_table = EXCLUDED.source_table, payload_basis = EXCLUDED.payload_basis, updated_at = now();
INSERT INTO usage_revenue_settlement.event_contract (event_name, event_version, tmf_api, tmf_resource, source_table, event_type, event_key_strategy, payload_basis, consumer_notes) VALUES ('usage_revenue_settlement.product_specification.stateChanged', 'v1', 'TMF620', 'productSpecification', 'usage_revenue_settlement.usage_ingestion_batch', 'stateChanged', 'tenant_id + canonical_id + version', 'typed columns + tmf_payload snapshot', 'Register concrete consumers during integration design') ON CONFLICT (event_name, event_version) DO UPDATE SET source_table = EXCLUDED.source_table, payload_basis = EXCLUDED.payload_basis, updated_at = now();
INSERT INTO usage_revenue_settlement.event_contract (event_name, event_version, tmf_api, tmf_resource, source_table, event_type, event_key_strategy, payload_basis, consumer_notes) VALUES ('usage_revenue_settlement.product_specification.deleted', 'v1', 'TMF620', 'productSpecification', 'usage_revenue_settlement.usage_ingestion_batch', 'deleted', 'tenant_id + canonical_id + version', 'typed columns + tmf_payload snapshot', 'Register concrete consumers during integration design') ON CONFLICT (event_name, event_version) DO UPDATE SET source_table = EXCLUDED.source_table, payload_basis = EXCLUDED.payload_basis, updated_at = now();
INSERT INTO usage_revenue_settlement.tmf_api_resource_map (tmf_api, tmf_resource, resource_path, anchor_table, field_strategy, local_spec_path, promoted_fields) VALUES ('TMF668', 'partnership', '/partnership', 'usage_ingestion_batch', 'Promote common TMF lifecycle/reference fields; store remaining validated resource fields in tmf_payload and characteristics tables.', 'references/tmforum-open-apis/openapi-specs/TMF668_PartnershipType/TMF668_Partnership_Type_v4.0.0_swagger.json', '["id", "href", "description", "name", "partner", "specification", "@baseType", "@schemaLocation", "@type"]'::jsonb) ON CONFLICT (tmf_api, tmf_resource, anchor_table) DO UPDATE SET field_strategy = EXCLUDED.field_strategy, local_spec_path = EXCLUDED.local_spec_path, promoted_fields = EXCLUDED.promoted_fields, updated_at = now();
INSERT INTO usage_revenue_settlement.event_contract (event_name, event_version, tmf_api, tmf_resource, source_table, event_type, event_key_strategy, payload_basis, consumer_notes) VALUES ('usage_revenue_settlement.partnership.created', 'v1', 'TMF668', 'partnership', 'usage_revenue_settlement.usage_ingestion_batch', 'created', 'tenant_id + canonical_id + version', 'typed columns + tmf_payload snapshot', 'Register concrete consumers during integration design') ON CONFLICT (event_name, event_version) DO UPDATE SET source_table = EXCLUDED.source_table, payload_basis = EXCLUDED.payload_basis, updated_at = now();
INSERT INTO usage_revenue_settlement.event_contract (event_name, event_version, tmf_api, tmf_resource, source_table, event_type, event_key_strategy, payload_basis, consumer_notes) VALUES ('usage_revenue_settlement.partnership.updated', 'v1', 'TMF668', 'partnership', 'usage_revenue_settlement.usage_ingestion_batch', 'updated', 'tenant_id + canonical_id + version', 'typed columns + tmf_payload snapshot', 'Register concrete consumers during integration design') ON CONFLICT (event_name, event_version) DO UPDATE SET source_table = EXCLUDED.source_table, payload_basis = EXCLUDED.payload_basis, updated_at = now();
INSERT INTO usage_revenue_settlement.event_contract (event_name, event_version, tmf_api, tmf_resource, source_table, event_type, event_key_strategy, payload_basis, consumer_notes) VALUES ('usage_revenue_settlement.partnership.stateChanged', 'v1', 'TMF668', 'partnership', 'usage_revenue_settlement.usage_ingestion_batch', 'stateChanged', 'tenant_id + canonical_id + version', 'typed columns + tmf_payload snapshot', 'Register concrete consumers during integration design') ON CONFLICT (event_name, event_version) DO UPDATE SET source_table = EXCLUDED.source_table, payload_basis = EXCLUDED.payload_basis, updated_at = now();
INSERT INTO usage_revenue_settlement.event_contract (event_name, event_version, tmf_api, tmf_resource, source_table, event_type, event_key_strategy, payload_basis, consumer_notes) VALUES ('usage_revenue_settlement.partnership.deleted', 'v1', 'TMF668', 'partnership', 'usage_revenue_settlement.usage_ingestion_batch', 'deleted', 'tenant_id + canonical_id + version', 'typed columns + tmf_payload snapshot', 'Register concrete consumers during integration design') ON CONFLICT (event_name, event_version) DO UPDATE SET source_table = EXCLUDED.source_table, payload_basis = EXCLUDED.payload_basis, updated_at = now();
INSERT INTO usage_revenue_settlement.tmf_api_resource_map (tmf_api, tmf_resource, resource_path, anchor_table, field_strategy, local_spec_path, promoted_fields) VALUES ('TMF668', 'partnershipSpecification', '/partnershipSpecification', 'usage_ingestion_batch', 'Promote common TMF lifecycle/reference fields; store remaining validated resource fields in tmf_payload and characteristics tables.', 'references/tmforum-open-apis/openapi-specs/TMF668_PartnershipType/TMF668_Partnership_Type_v4.0.0_swagger.json', '["id", "href", "description", "name", "roleSpecification", "@baseType", "@schemaLocation", "@type"]'::jsonb) ON CONFLICT (tmf_api, tmf_resource, anchor_table) DO UPDATE SET field_strategy = EXCLUDED.field_strategy, local_spec_path = EXCLUDED.local_spec_path, promoted_fields = EXCLUDED.promoted_fields, updated_at = now();
INSERT INTO usage_revenue_settlement.event_contract (event_name, event_version, tmf_api, tmf_resource, source_table, event_type, event_key_strategy, payload_basis, consumer_notes) VALUES ('usage_revenue_settlement.partnership_specification.created', 'v1', 'TMF668', 'partnershipSpecification', 'usage_revenue_settlement.usage_ingestion_batch', 'created', 'tenant_id + canonical_id + version', 'typed columns + tmf_payload snapshot', 'Register concrete consumers during integration design') ON CONFLICT (event_name, event_version) DO UPDATE SET source_table = EXCLUDED.source_table, payload_basis = EXCLUDED.payload_basis, updated_at = now();
INSERT INTO usage_revenue_settlement.event_contract (event_name, event_version, tmf_api, tmf_resource, source_table, event_type, event_key_strategy, payload_basis, consumer_notes) VALUES ('usage_revenue_settlement.partnership_specification.updated', 'v1', 'TMF668', 'partnershipSpecification', 'usage_revenue_settlement.usage_ingestion_batch', 'updated', 'tenant_id + canonical_id + version', 'typed columns + tmf_payload snapshot', 'Register concrete consumers during integration design') ON CONFLICT (event_name, event_version) DO UPDATE SET source_table = EXCLUDED.source_table, payload_basis = EXCLUDED.payload_basis, updated_at = now();
INSERT INTO usage_revenue_settlement.event_contract (event_name, event_version, tmf_api, tmf_resource, source_table, event_type, event_key_strategy, payload_basis, consumer_notes) VALUES ('usage_revenue_settlement.partnership_specification.stateChanged', 'v1', 'TMF668', 'partnershipSpecification', 'usage_revenue_settlement.usage_ingestion_batch', 'stateChanged', 'tenant_id + canonical_id + version', 'typed columns + tmf_payload snapshot', 'Register concrete consumers during integration design') ON CONFLICT (event_name, event_version) DO UPDATE SET source_table = EXCLUDED.source_table, payload_basis = EXCLUDED.payload_basis, updated_at = now();
INSERT INTO usage_revenue_settlement.event_contract (event_name, event_version, tmf_api, tmf_resource, source_table, event_type, event_key_strategy, payload_basis, consumer_notes) VALUES ('usage_revenue_settlement.partnership_specification.deleted', 'v1', 'TMF668', 'partnershipSpecification', 'usage_revenue_settlement.usage_ingestion_batch', 'deleted', 'tenant_id + canonical_id + version', 'typed columns + tmf_payload snapshot', 'Register concrete consumers during integration design') ON CONFLICT (event_name, event_version) DO UPDATE SET source_table = EXCLUDED.source_table, payload_basis = EXCLUDED.payload_basis, updated_at = now();
INSERT INTO usage_revenue_settlement.tmf_api_resource_map (tmf_api, tmf_resource, resource_path, anchor_table, field_strategy, local_spec_path, promoted_fields) VALUES ('TMF651', 'agreement', '/agreement', 'usage_ingestion_batch', 'Promote common TMF lifecycle/reference fields; store remaining validated resource fields in tmf_payload and characteristics tables.', 'references/tmforum-open-apis/openapi-specs/TMF651_AgreementManagement/TMF651_Agreement_Management_API_v4.0.0_swagger.json', '["id", "href", "agreementType", "description", "documentNumber", "initialDate", "name", "statementOfIntent", "status", "version", "agreementAuthorization", "agreementItem", "agreementPeriod", "agreementSpecification", "associatedAgreement", "characteristic"]'::jsonb) ON CONFLICT (tmf_api, tmf_resource, anchor_table) DO UPDATE SET field_strategy = EXCLUDED.field_strategy, local_spec_path = EXCLUDED.local_spec_path, promoted_fields = EXCLUDED.promoted_fields, updated_at = now();
INSERT INTO usage_revenue_settlement.event_contract (event_name, event_version, tmf_api, tmf_resource, source_table, event_type, event_key_strategy, payload_basis, consumer_notes) VALUES ('usage_revenue_settlement.agreement.created', 'v1', 'TMF651', 'agreement', 'usage_revenue_settlement.usage_ingestion_batch', 'created', 'tenant_id + canonical_id + version', 'typed columns + tmf_payload snapshot', 'Register concrete consumers during integration design') ON CONFLICT (event_name, event_version) DO UPDATE SET source_table = EXCLUDED.source_table, payload_basis = EXCLUDED.payload_basis, updated_at = now();
INSERT INTO usage_revenue_settlement.event_contract (event_name, event_version, tmf_api, tmf_resource, source_table, event_type, event_key_strategy, payload_basis, consumer_notes) VALUES ('usage_revenue_settlement.agreement.updated', 'v1', 'TMF651', 'agreement', 'usage_revenue_settlement.usage_ingestion_batch', 'updated', 'tenant_id + canonical_id + version', 'typed columns + tmf_payload snapshot', 'Register concrete consumers during integration design') ON CONFLICT (event_name, event_version) DO UPDATE SET source_table = EXCLUDED.source_table, payload_basis = EXCLUDED.payload_basis, updated_at = now();
INSERT INTO usage_revenue_settlement.event_contract (event_name, event_version, tmf_api, tmf_resource, source_table, event_type, event_key_strategy, payload_basis, consumer_notes) VALUES ('usage_revenue_settlement.agreement.stateChanged', 'v1', 'TMF651', 'agreement', 'usage_revenue_settlement.usage_ingestion_batch', 'stateChanged', 'tenant_id + canonical_id + version', 'typed columns + tmf_payload snapshot', 'Register concrete consumers during integration design') ON CONFLICT (event_name, event_version) DO UPDATE SET source_table = EXCLUDED.source_table, payload_basis = EXCLUDED.payload_basis, updated_at = now();
INSERT INTO usage_revenue_settlement.event_contract (event_name, event_version, tmf_api, tmf_resource, source_table, event_type, event_key_strategy, payload_basis, consumer_notes) VALUES ('usage_revenue_settlement.agreement.deleted', 'v1', 'TMF651', 'agreement', 'usage_revenue_settlement.usage_ingestion_batch', 'deleted', 'tenant_id + canonical_id + version', 'typed columns + tmf_payload snapshot', 'Register concrete consumers during integration design') ON CONFLICT (event_name, event_version) DO UPDATE SET source_table = EXCLUDED.source_table, payload_basis = EXCLUDED.payload_basis, updated_at = now();
INSERT INTO usage_revenue_settlement.tmf_api_resource_map (tmf_api, tmf_resource, resource_path, anchor_table, field_strategy, local_spec_path, promoted_fields) VALUES ('TMF651', 'agreementSpecification', '/agreementSpecification', 'usage_ingestion_batch', 'Promote common TMF lifecycle/reference fields; store remaining validated resource fields in tmf_payload and characteristics tables.', 'references/tmforum-open-apis/openapi-specs/TMF651_AgreementManagement/TMF651_Agreement_Management_API_v4.0.0_swagger.json', '["id", "href", "description", "isBundle", "lastUpdate", "lifecycleStatus", "name", "version", "attachment", "relatedParty", "serviceCategory", "specificationCharacteristic", "specificationRelationship", "validFor", "@baseType", "@schemaLocation"]'::jsonb) ON CONFLICT (tmf_api, tmf_resource, anchor_table) DO UPDATE SET field_strategy = EXCLUDED.field_strategy, local_spec_path = EXCLUDED.local_spec_path, promoted_fields = EXCLUDED.promoted_fields, updated_at = now();
INSERT INTO usage_revenue_settlement.event_contract (event_name, event_version, tmf_api, tmf_resource, source_table, event_type, event_key_strategy, payload_basis, consumer_notes) VALUES ('usage_revenue_settlement.agreement_specification.created', 'v1', 'TMF651', 'agreementSpecification', 'usage_revenue_settlement.usage_ingestion_batch', 'created', 'tenant_id + canonical_id + version', 'typed columns + tmf_payload snapshot', 'Register concrete consumers during integration design') ON CONFLICT (event_name, event_version) DO UPDATE SET source_table = EXCLUDED.source_table, payload_basis = EXCLUDED.payload_basis, updated_at = now();
INSERT INTO usage_revenue_settlement.event_contract (event_name, event_version, tmf_api, tmf_resource, source_table, event_type, event_key_strategy, payload_basis, consumer_notes) VALUES ('usage_revenue_settlement.agreement_specification.updated', 'v1', 'TMF651', 'agreementSpecification', 'usage_revenue_settlement.usage_ingestion_batch', 'updated', 'tenant_id + canonical_id + version', 'typed columns + tmf_payload snapshot', 'Register concrete consumers during integration design') ON CONFLICT (event_name, event_version) DO UPDATE SET source_table = EXCLUDED.source_table, payload_basis = EXCLUDED.payload_basis, updated_at = now();
INSERT INTO usage_revenue_settlement.event_contract (event_name, event_version, tmf_api, tmf_resource, source_table, event_type, event_key_strategy, payload_basis, consumer_notes) VALUES ('usage_revenue_settlement.agreement_specification.stateChanged', 'v1', 'TMF651', 'agreementSpecification', 'usage_revenue_settlement.usage_ingestion_batch', 'stateChanged', 'tenant_id + canonical_id + version', 'typed columns + tmf_payload snapshot', 'Register concrete consumers during integration design') ON CONFLICT (event_name, event_version) DO UPDATE SET source_table = EXCLUDED.source_table, payload_basis = EXCLUDED.payload_basis, updated_at = now();
INSERT INTO usage_revenue_settlement.event_contract (event_name, event_version, tmf_api, tmf_resource, source_table, event_type, event_key_strategy, payload_basis, consumer_notes) VALUES ('usage_revenue_settlement.agreement_specification.deleted', 'v1', 'TMF651', 'agreementSpecification', 'usage_revenue_settlement.usage_ingestion_batch', 'deleted', 'tenant_id + canonical_id + version', 'typed columns + tmf_payload snapshot', 'Register concrete consumers during integration design') ON CONFLICT (event_name, event_version) DO UPDATE SET source_table = EXCLUDED.source_table, payload_basis = EXCLUDED.payload_basis, updated_at = now();

INSERT INTO usage_revenue_settlement.privacy_retention_policy (table_name, data_domain, data_classification, retention_class, retention_basis, default_retention_days, legal_hold_supported, residency_rule, masking_policy, audit_level) VALUES ('usage_revenue_settlement.usage_ingestion_batch', 'usage_revenue_settlement', 'internal', 'operational_telemetry', 'Suite data model and TMF API baseline review', 730, true, 'Keep operational data in the suite deployment region unless a release-specific residency rule overrides it.', 'Aggregate or pseudonymize identifiers before analytics distribution.', 'standard') ON CONFLICT (table_name) DO UPDATE SET data_classification = EXCLUDED.data_classification, retention_class = EXCLUDED.retention_class, masking_policy = EXCLUDED.masking_policy, audit_level = EXCLUDED.audit_level, updated_at = now();
INSERT INTO usage_revenue_settlement.privacy_retention_policy (table_name, data_domain, data_classification, retention_class, retention_basis, default_retention_days, legal_hold_supported, residency_rule, masking_policy, audit_level) VALUES ('usage_revenue_settlement.mediation_exception', 'usage_revenue_settlement', 'internal', 'operational_telemetry', 'Suite data model and TMF API baseline review', 730, true, 'Keep operational data in the suite deployment region unless a release-specific residency rule overrides it.', 'Aggregate or pseudonymize identifiers before analytics distribution.', 'standard') ON CONFLICT (table_name) DO UPDATE SET data_classification = EXCLUDED.data_classification, retention_class = EXCLUDED.retention_class, masking_policy = EXCLUDED.masking_policy, audit_level = EXCLUDED.audit_level, updated_at = now();
INSERT INTO usage_revenue_settlement.privacy_retention_policy (table_name, data_domain, data_classification, retention_class, retention_basis, default_retention_days, legal_hold_supported, residency_rule, masking_policy, audit_level) VALUES ('usage_revenue_settlement.cdr_transaction', 'usage_revenue_settlement', 'internal', 'operational_telemetry', 'Suite data model and TMF API baseline review', 730, true, 'Keep operational data in the suite deployment region unless a release-specific residency rule overrides it.', 'Aggregate or pseudonymize identifiers before analytics distribution.', 'standard') ON CONFLICT (table_name) DO UPDATE SET data_classification = EXCLUDED.data_classification, retention_class = EXCLUDED.retention_class, masking_policy = EXCLUDED.masking_policy, audit_level = EXCLUDED.audit_level, updated_at = now();
INSERT INTO usage_revenue_settlement.privacy_retention_policy (table_name, data_domain, data_classification, retention_class, retention_basis, default_retention_days, legal_hold_supported, residency_rule, masking_policy, audit_level) VALUES ('usage_revenue_settlement.consumption_summary', 'usage_revenue_settlement', 'internal', 'operational_telemetry', 'Suite data model and TMF API baseline review', 730, true, 'Keep operational data in the suite deployment region unless a release-specific residency rule overrides it.', 'Aggregate or pseudonymize identifiers before analytics distribution.', 'standard') ON CONFLICT (table_name) DO UPDATE SET data_classification = EXCLUDED.data_classification, retention_class = EXCLUDED.retention_class, masking_policy = EXCLUDED.masking_policy, audit_level = EXCLUDED.audit_level, updated_at = now();
INSERT INTO usage_revenue_settlement.privacy_retention_policy (table_name, data_domain, data_classification, retention_class, retention_basis, default_retention_days, legal_hold_supported, residency_rule, masking_policy, audit_level) VALUES ('usage_revenue_settlement.revenue_assurance_case', 'usage_revenue_settlement', 'confidential', 'business_lifecycle', 'Suite data model and TMF API baseline review', 2190, true, 'Keep operational data in the suite deployment region unless a release-specific residency rule overrides it.', 'Mask customer, partner, account, order, and operationally sensitive details in non-production and exports.', 'standard-high') ON CONFLICT (table_name) DO UPDATE SET data_classification = EXCLUDED.data_classification, retention_class = EXCLUDED.retention_class, masking_policy = EXCLUDED.masking_policy, audit_level = EXCLUDED.audit_level, updated_at = now();
INSERT INTO usage_revenue_settlement.privacy_retention_policy (table_name, data_domain, data_classification, retention_class, retention_basis, default_retention_days, legal_hold_supported, residency_rule, masking_policy, audit_level) VALUES ('usage_revenue_settlement.revenue_sharing_model', 'usage_revenue_settlement', 'internal', 'operational_telemetry', 'Suite data model and TMF API baseline review', 730, true, 'Keep operational data in the suite deployment region unless a release-specific residency rule overrides it.', 'Aggregate or pseudonymize identifiers before analytics distribution.', 'standard') ON CONFLICT (table_name) DO UPDATE SET data_classification = EXCLUDED.data_classification, retention_class = EXCLUDED.retention_class, masking_policy = EXCLUDED.masking_policy, audit_level = EXCLUDED.audit_level, updated_at = now();
INSERT INTO usage_revenue_settlement.privacy_retention_policy (table_name, data_domain, data_classification, retention_class, retention_basis, default_retention_days, legal_hold_supported, residency_rule, masking_policy, audit_level) VALUES ('usage_revenue_settlement.revenue_sharing_report', 'usage_revenue_settlement', 'internal', 'operational_telemetry', 'Suite data model and TMF API baseline review', 730, true, 'Keep operational data in the suite deployment region unless a release-specific residency rule overrides it.', 'Aggregate or pseudonymize identifiers before analytics distribution.', 'standard') ON CONFLICT (table_name) DO UPDATE SET data_classification = EXCLUDED.data_classification, retention_class = EXCLUDED.retention_class, masking_policy = EXCLUDED.masking_policy, audit_level = EXCLUDED.audit_level, updated_at = now();
INSERT INTO usage_revenue_settlement.privacy_retention_policy (table_name, data_domain, data_classification, retention_class, retention_basis, default_retention_days, legal_hold_supported, residency_rule, masking_policy, audit_level) VALUES ('usage_revenue_settlement.roaming_interconnect_settlement_exception', 'usage_revenue_settlement', 'internal', 'operational_telemetry', 'Suite data model and TMF API baseline review', 730, true, 'Keep operational data in the suite deployment region unless a release-specific residency rule overrides it.', 'Aggregate or pseudonymize identifiers before analytics distribution.', 'standard') ON CONFLICT (table_name) DO UPDATE SET data_classification = EXCLUDED.data_classification, retention_class = EXCLUDED.retention_class, masking_policy = EXCLUDED.masking_policy, audit_level = EXCLUDED.audit_level, updated_at = now();
INSERT INTO usage_revenue_settlement.privacy_retention_policy (table_name, data_domain, data_classification, retention_class, retention_basis, default_retention_days, legal_hold_supported, residency_rule, masking_policy, audit_level) VALUES ('usage_revenue_settlement.event_outbox', 'usage_revenue_settlement', 'internal', 'operational_telemetry', 'Suite data model and TMF API baseline review', 730, true, 'Keep operational data in the suite deployment region unless a release-specific residency rule overrides it.', 'Aggregate or pseudonymize identifiers before analytics distribution.', 'standard') ON CONFLICT (table_name) DO UPDATE SET data_classification = EXCLUDED.data_classification, retention_class = EXCLUDED.retention_class, masking_policy = EXCLUDED.masking_policy, audit_level = EXCLUDED.audit_level, updated_at = now();

COMMIT;
